case_id,name,role,complainant,complainant_type,article,year_reported,outcome,outcome_detail,public_interest,harm_shown,source,verified,sensitive
fatia_haris,Fatia Maulidiyanti & Haris Azhar,human rights defenders,Luhut Binsar Pandjaitan (Coordinating Minister),public_official,27(3); hoax,2021,acquitted,"Acquitted Jan 2024; prosecution appeal rejected by Supreme Court Sept 24 2024",true,false,CFJ EIT report Case Study E,true,false
daniel_frits,Daniel Frits Maurits Tangkilisan,environmental defender,70 Karimunjawa residents,group,28(2),2023,acquitted_on_appeal,"Convicted Apr 4 2024 (7 months + fine); High Court acquitted May 21 2024; case reached Constitutional Court",true,false,CFJ EIT report Case Study F,true,false
karimunjawa_3,Three #SaveKarimunjawa activists,environmental defenders,unknown,unknown,27(3); 28(2),2023,dropped,"Investigation terminated May 2024 (no criminality found)",true,false,CFJ EIT report Case Study F,true,false
septia,Septia Dwi Pertiwi,employee / whistleblower,Company owner (not named in posts),company,27(3),unknown,acquitted,"Detained 5+ months pre-trial; court found posts true and acquitted",true,false,CFJ EIT report Legal Analysis (defamation),true,false
tinus,Tinus Restanto Eka,journalist,Firman Rusli (government official),public_official,27(3),unknown,summoned,"Reported for factual news on a land-dispute lawsuit; summoned for investigation",true,false,CFJ EIT report Legal Analysis (defamation),true,false
madilis,Thomas Madilis,villager / critic of police,Local youth associations,group,28(2); hoax,2022,restorative_justice,"Detained June 25 2022; released after apology June 28 2022; reported still a suspect in 2023",true,false,CFJ EIT report Case Study C,true,false
marzuki,Ismail Marzuki,journalist / HRD,Re: Nawal Lubis (Governor's wife),individual_victim,27(3),2021,convicted,"Convicted Apr 27 2023, 6 months; upheld by Medan High Court",true,false,CFJ EIT report Case Study B,true,false
roy_suryo,Roy Suryo,former minister,Kurniawan Santoso (Buddhist businessman),individual_victim,28(2),2022,convicted,"Convicted Dec 2022, 9 months; appeal added fine; Supreme Court rejected cassation May 2 2023",false,false,CFJ EIT report Case Study A,true,false
dandhy,Dandhy Dwi Laksono,journalist / filmmaker,"Asep Sanusi (Polda Metro Jaya police officer; named in arrest letter)",police,28(2); hoax,2019,pending,"Tweet thread Sept 23 2019 on Papua unrest. Arrested at home night of Sept 26 2019, named suspect Sept 27 under 28(2) jo 45A(2) + Arts 14-15 Law 1/1946; not detained. CFJ gives arrest date Sept 29 but cites a Jakarta Post article dated Sept 27; news reports say Sept 26. Suspect status not withdrawn; CFJ says 2023 articles suggest still a suspect (not independently confirmed).",true,false,"CFJ EIT report Case Study D (PDF pp.8-10, printed pp.46-48) | https://tirto.id/dandhy-laksono-ditetapkan-sebagai-tersangka-ujaran-kebencian-eiPg | https://kumparan.com/kumparannews/polda-metro-akui-anggotanya-laporkan-dandhy-laksono-1rx2ecqloc9",true,false
richard_lee,Dr. Richard Lee,doctor,Legal representative of alleged victim,representative,27(3),unknown,suspect_status_invalidated,"21-month investigation; South Jakarta District Court pretrial (Case No. 99/Pid.Pra/2022/PN) declared suspect status invalid and found the complaint was filed by the alleged victim's legal representative not the victim. Only CFJ found so far. NOT the same proceeding as the Dec 2025 suspect designation (consumer protection case; pretrial petition rejected Feb 11 2026) - keep separate and confirm same person.",true,false,"CFJ EIT report Legal Analysis (defamation) (PDF p.37, printed p.75, fn 308-309)",false,false
nugroho,Wahyu Dwi Nugroho,business owner,unknown,unknown,28(2),2022,convicted,"TikTok video criticizing a religious group's banner (Al-Busyro) telling people not to shop at nearby stalls; reported Aug 2022; detained from Mar 2023; convicted Aug 10 2023 to 5 months (South Jakarta District Court No. 283/Pid.Sus/2023/PN Jkt.Sel); released Aug 11. Complainant not named in sources found - check the putusan.",true,false,"CFJ EIT report Legal Analysis (hate speech) (PDF pp.43-44, printed pp.81-82) | https://www.manushyafoundation.org/post/indonesia-small-business-owner-wahyu-dwi-nugroho-s-conviction-challenges-free-speech",false,false
edy_mulyadi,Edy Mulyadi,journalist / politician,"Multiple: Dayak youth group Perspedayak (Polda Kaltim, Jan 24 2022), interfaith and youth groups, Pandawa Nusantara (Bareskrim); which complaint underlies the indictment is unclear",group,28(2); hoax,2022,convicted,"Detained 7+ months; Central Jakarta District Court (Case No. 293/Pid.Sus/2022/PN Jkt.Pst) convicted Sept 12 2022 to 7 months 15 days and he was released at once (time served); prosecutors sought 4 years and said they would appeal (outcome not found). CFJ and Detik say Art. 15 Law 1/1946; Kompas TV says Art. 14(1) - check the putusan. Art. 28(2) was an alternative charge and not convicted.",false,false,"CFJ EIT report Legal Analysis (fake news) (PDF p.53, printed p.91, fn 400-402) | https://news.detik.com/berita/d-6286335/edy-mulyadi-divonis-7-bulan-15-hari-bui-di-kasus-tempat-jin-buang-anak | https://www.kompas.tv/nasional/327503/kasus-tempat-jin-buang-anak-edy-mulyadi-divonis-penjara-7-bulan-15-hari-langsung-bebas",true,false
meila,Meila Nurul Fajriah,legal aid lawyer (YLBHI),unknown,unknown,unknown,unknown,pending,"Investigation stalled — TO VERIFY details",true,false,CFJ EIT report Legal Analysis,false,false
asrul,Muhammad Asrul,journalist,TO VERIFY,unknown,27(3),2019,convicted,"TrialWatch-monitored case — fill from TrialWatch case page",true,false,https://cfj.org/trialwatch/trials/,false,false
khariq_anhar,Khariq Anhar,student activist (Universitas Riau),"Baringin Jaya Tobing (police report LP/B/6073/VIII/2025/SPKT/POLDA METRO JAYA, Aug 27 2025)",unknown,other,2025,convicted,"Edited ('timpa teks') screenshot of a news post about labor leader Said Iqbal during the Aug 2025 protests. Charged under the ITE Law as amended by Law 1/2024, Arts. 32 and 35 (altering electronic information), not defamation or hate speech. Arrested Aug 29 2025 at the airport. Amnesty says the same image was examined in an earlier case that ended in an acquittal, after which prosecutors brought a new case under different ITE articles. Per Amnesty Indonesia (Aug 10 2026): on Jan 23 2026 the court accepted his objection, declared the indictment void and returned the file to prosecutors, who refiled in Feb (indictment read Feb 10); the same court found him not guilty of incitement in the protest case with Delpedro Marhaen, Muzaffar Salim and Syahdan Husein (date not given). Amnesty states that Said Iqbal, named in the edited text, was not the person who reported him; whether Said Iqbal objected to the post is not sourced. Prosecutors demanded 6 months less time served on Aug 10 2026. Verdict Oct 7 2026 (Central Jakarta District Court): 5 months (prosecutors sought 6), two phones seized, Instagram account @aliansimahasiswapenggugat ordered destroyed. Appeal window about one week (to about Oct 14); appeal status not confirmed. Defendant says on Threads the vote was 2:1 with the presiding judge dissenting - unverified claim. Verdict found in one outlet so far (RCTI+ citing Sindonews).",true,false,"RCTI+ https://www.rctiplus.com/news/detail/nasional/5488645/khariq-anhar-dihukum-5-bulan-penjara-terkait-kasus-timpa-teks-demo-agustus-2025 | Amnesty https://www.amnesty.org/en/documents/asa21/1300/2026/en/ | Hukumonline https://www.hukumonline.com/berita/a/pegiat-medsos-khariq-anhar-ditangkap-polisi--koalisi--indikasi-bentuk-pembungkaman-dan-kriminalisasi-lt68b583958efa8 | Amnesty Indonesia press release https://www.amnesty.id/kabar-terbaru/siaran-pers/bebaskan-khariq-anhar-dari-tuntutan-penjara/08/2026/ | Khariq Anhar Threads posts (screenshot shared by team, about Oct 8-9 2026)",false,true
laras_faizati,Laras Faizati Khairunnisa,communications officer (organization affiliated with the ASEAN secretariat),Muhammad Lutfi (citizen who saw the post; single source: Supreme Court Marinews),unknown,28(2); other,2025,convicted,"Instagram Story calling to burn the police headquarters building during the Aug 2025 unrest. Indicted with alternative charges: ITE Art. 45A(2) jo 28(2), or Penal Code Art. 160, or Art. 161(1); convicted under Art. 161(1) (fourth alternative), not under the ITE Law (confirm which Penal Code version the court applied). South Jakarta District Court, presiding judge I Ketut Darpawan, Jan 15 2026: 6 months served as a supervision sentence (pidana pengawasan) with one year of supervision, released at once; prosecutors sought 1 year. Judges cited a first offence and the new Penal Code preference against imprisonment. Amnesty called it prison without bars; a DPR member called it proof the new Penal Code is reformist.",false,false,Jakarta Post https://www.thejakartapost.com/indonesia/2026/01/15/online-critic-found-guilty-in-august-riots-but-walks-free-from-prison | Hukumonline https://www.hukumonline.com/berita/a/divonis-bersalah-tanpa-penjara--laras-faizati-singgung-keadilan-dan-ruang-kritik-lt6968a5a424fbd/ | Marinews https://marinews.mahkamahagung.go.id/berita/laras-faizati-kebebasan-ekspresi-berhadapan-dengan-hukum-0LO | Jawa Pos https://www.jawapos.com/kasuistika/2601150309/komentari-vonis-pn-jaksel-untuk-laras-faizati-amnesty-international-sebut-penjara-tanpa-jeruji,false,false
