case_id,date,lane,description,source,verified
fatia_haris,2021-09,legal,Reported to police by Coordinating Minister Luhut Pandjaitan,CFJ EIT report Case Study E,true
fatia_haris,2023-03-27,legal,Indicted for defamation and false news,CFJ EIT report Case Study E,true
fatia_haris,2024-01,outcome,Acquitted of all charges,CFJ EIT report Case Study E,true
fatia_haris,2024-09-24,outcome,Supreme Court rejects prosecution appeal,CFJ EIT report Case Study E,true
dandhy,2019-09-23,post,"Dandhy posts a Twitter/X thread on unrest in Jayapura and Wamena (Papua) with photos and links to news articles","CFJ EIT report Case Study D (PDF p.9, printed p.47)",false
dandhy,2019-09,legal,"Complaint filed by police officer Asep Sanusi (Polda Metro Jaya) per the arrest letter; exact filing date not found","https://tirto.id/dandhy-laksono-ditetapkan-sebagai-tersangka-ujaran-kebencian-eiPg",false
dandhy,2019-09-26,legal,"Arrested at home at night by Polda Metro Jaya (CFJ gives Sept 29; news reports say Thursday Sept 26)","https://kumparan.com/kumparannews/polda-metro-akui-anggotanya-laporkan-dandhy-laksono-1rx2ecqloc9",false
dandhy,2019-09-27,legal,"Named suspect under Art. 28(2) jo 45A(2) ITE and Arts. 14-15 Law 1/1946 after overnight questioning; released without detention","https://tirto.id/dandhy-laksono-ditetapkan-sebagai-tersangka-ujaran-kebencian-eiPg",false
dandhy,2023,outcome,"CFJ reports that 2023 articles suggest he is still a suspect; not independently confirmed","CFJ EIT report Case Study D (PDF p.10, printed p.48)",false
richard_lee,2022,outcome,"South Jakarta District Court pretrial (Case No. 99/Pid.Pra/2022/PN) declares suspect status invalid after a 21-month investigation; year taken from the case number, exact ruling date not found","CFJ EIT report Legal Analysis (defamation) (PDF p.37, printed p.75, fn 308-309)",false
nugroho,2022-07-29,post,"Photographs the Al-Busyro banner and raises it with the neighborhood head (RT) before posting on TikTok","https://www.manushyafoundation.org/post/indonesia-small-business-owner-wahyu-dwi-nugroho-s-conviction-challenges-free-speech",false
nugroho,2022-08,legal,"Reported for the TikTok video criticizing the banner; complainant not named in sources found","CFJ EIT report Legal Analysis (hate speech) (PDF pp.43-44, printed pp.81-82)",false
nugroho,2023-03,legal,"Arrested and held in pre-trial detention until August 2023","CFJ EIT report Legal Analysis (hate speech) (PDF p.44, printed p.82)",false
nugroho,2023-08-10,outcome,"South Jakarta District Court (No. 283/Pid.Sus/2023/PN Jkt.Sel) convicts under Art. 28(2) and sentences him to 5 months","https://www.manushyafoundation.org/post/indonesia-small-business-owner-wahyu-dwi-nugroho-s-conviction-challenges-free-speech",false
nugroho,2023-08-11,outcome,"Released on the evening after the verdict","https://www.manushyafoundation.org/post/indonesia-small-business-owner-wahyu-dwi-nugroho-s-conviction-challenges-free-speech",false
edy_mulyadi,2022-01,post,"Says Kalimantan Timur is a place where the genie dumps children at a press conference on the capital relocation, broadcast on his YouTube channel; exact date not confirmed","https://news.detik.com/berita/d-6286335/edy-mulyadi-divonis-7-bulan-15-hari-bui-di-kasus-tempat-jin-buang-anak",false
edy_mulyadi,2022-01-24,legal,"Perspedayak (Dayak youth group) report registered at Polda Kalimantan Timur; other groups also file reports including Pandawa Nusantara at Bareskrim","https://www.kompas.tv/article/254722/setidaknya-7-pihak-laporkan-edy-mulyadi-dari-gp-ansor-hingga-pemuda-hindu",false
edy_mulyadi,2022-09-12,outcome,"Central Jakarta District Court convicts and sentences him to 7 months 15 days; released immediately as time served (prosecutors had sought 4 years)","https://news.detik.com/berita/d-6286335/edy-mulyadi-divonis-7-bulan-15-hari-bui-di-kasus-tempat-jin-buang-anak",false
edy_mulyadi,2022-09,legal,"Prosecutors say they will appeal because the article applied differs from their charge; appeal outcome not found","https://news.detik.com/berita/d-6286991/jaksa-bakal-banding-vonis-75-bulan-penjara-edy-mulyadi",false
khariq_anhar,2025-08,post,Khariq posts an edited ('timpa teks') screenshot of a news item about Said Iqbal ahead of the Aug 28 protest; exact posting date not found,https://www.hukumonline.com/berita/a/pegiat-medsos-khariq-anhar-ditangkap-polisi--koalisi--indikasi-bentuk-pembungkaman-dan-kriminalisasi-lt68b583958efa8,false
khariq_anhar,2025-08-27,legal,Police report LP/B/6073/VIII/2025/SPKT/POLDA METRO JAYA filed by Baringin Jaya Tobing (Said Iqbal was not the complainant),https://www.hukumonline.com/berita/a/pegiat-medsos-khariq-anhar-ditangkap-polisi--koalisi--indikasi-bentuk-pembungkaman-dan-kriminalisasi-lt68b583958efa8,false
khariq_anhar,2025-08-29,legal,Arrested at Soekarno-Hatta airport by Polda Metro Jaya,https://www.rctiplus.com/news/detail/nasional/5488645/khariq-anhar-dihukum-5-bulan-penjara-terkait-kasus-timpa-teks-demo-agustus-2025,false
khariq_anhar,2026-03,outcome,"Earlier case on the same image reportedly ends in acquittal (with other activists); prosecutors appeal and bring a new case under different ITE articles; month comes from a secondary summary, check Amnesty UA 97/25",https://www.amnesty.org/en/documents/asa21/1300/2026/en/,false
khariq_anhar,2026-07-22,advocacy,Amnesty International urgent action calls on authorities to end the prosecution of Khariq Anhar and others for peaceful expression,https://www.amnesty.org/en/documents/asa21/1300/2026/en/,false
khariq_anhar,2026-10-07,outcome,Central Jakarta District Court convicts and sentences him to 5 months (prosecutors sought 6); phones seized and Instagram account ordered destroyed; one outlet so far,https://www.rctiplus.com/news/detail/nasional/5488645/khariq-anhar-dihukum-5-bulan-penjara-terkait-kasus-timpa-teks-demo-agustus-2025,false
khariq_anhar,2026-10-08,post,Khariq says on Threads the verdict was a 2:1 vote with the presiding judge dissenting (unverified claim by the defendant; date approximate from a '1d' timestamp in a screenshot taken Oct 9),Khariq Anhar Threads post (screenshot shared by team),false
laras_faizati,2025-08,post,Instagram Story calling to burn the police headquarters building during the Aug 2025 unrest; exact date not found,https://www.thejakartapost.com/indonesia/2026/01/15/online-critic-found-guilty-in-august-riots-but-walks-free-from-prison,false
laras_faizati,2026-01-15,outcome,South Jakarta District Court convicts under Penal Code Art. 161(1) and sentences her to 6 months served as a supervision sentence with one year of supervision; released; prosecutors had sought 1 year,https://www.hukumonline.com/berita/a/divonis-bersalah-tanpa-penjara--laras-faizati-singgung-keadilan-dan-ruang-kritik-lt6968a5a424fbd/,false
laras_faizati,2026-01-15,advocacy,Amnesty International comments on the verdict as prison without bars; DPR member Habiburokhman says it shows the new Penal Code is reformist,https://www.jawapos.com/kasuistika/2601150309/komentari-vonis-pn-jaksel-untuk-laras-faizati-amnesty-international-sebut-penjara-tanpa-jeruji,false
