report_url,case,grade,defendants,news_posts_matched,evidence_sentences,suggested_label,suggested_from,outcome_label,outcome_summary,outcome_source_url,verified_by,notes
https://cfj.org/reports/15-post-election-trials-a-window-into-courts-in-belarus/,15 Post-Election Trials: A Window into Courts in Belarus,D,,0,0,unknown,,unknown,The report records 14 convictions among 15 defendants; the remaining defendant was released pending further investigation.,https://cfj.org/wp-content/uploads/2023/07/belarus-admin-trials-trialwatch-report.pdf,Yuxin Tang,14 convicted; one unresolved. Aggregate classification rule needed.
https://cfj.org/reports/belarus-v-katsiaryna-andreyeva-and-daria-chultsova/,Belarus v. Katsiaryna Andreyeva and Daria Chultsova,D,Katsiaryna Andreyeva; Daria Chultsova,3,5,not good,https://cfj.org/news/belarus-attack-on-democracy-leaves-everyone-at-risk/,convicted,Both journalists were convicted on 18 February 2021 and sentenced to two years in the monitored public-order case; their later releases do not establish reversal of that verdict.,https://cfj.org/wp-content/uploads/2023/07/belarus-journalists.pdf,Yuxin Tang,2026 pardon not shown to cover the monitored 2021 conviction.
https://cfj.org/reports/cambodia-v-kak-sovannchhay/,Cambodia v. Kak Sovannchhay,D,Kak Sovannchhay,1,6,not good,https://cfj.org/news/cambodia-trampled-rights-of-autistic-teenager-trialwatch-report-finds/,released early / pardoned,Kak Sovannchhay was released in November 2021 after the remainder of his eight-month sentence was suspended; his conviction was upheld in December 2022.,https://www.rfa.org/english/news/cambodia/kak-sovannchhay-12162022164410.html,Yuxin Tang,"Suspended remainder, not acquittal; judicial supervision remained."
https://cfj.org/reports/cambodia-v-kong-raiya/,Cambodia v. Kong Raiya,D,Kong Raiya,3,11,not good,https://cfj.org/news/cambodia-trampled-rights-of-autistic-teenager-trialwatch-report-finds/,convicted,Kong Raiya was convicted on 19 June 2020 and given a two-year suspended sentence with credit for time served.,https://www.americanbar.org/groups/human_rights/reports/fair_trial_report_cambodia_kong_raiya/,Yuxin Tang,Pretrial release and a suspended sentence did not overturn the conviction.
https://cfj.org/reports/cambodia-v-ros-sokhet/,Cambodia v. Ros Sokhet,D,Ros Sokhet,5,7,not good,https://cfj.org/news/cambodia-trampled-rights-of-autistic-teenager-trialwatch-report-finds/,UN found detention arbitrary,The UN Working Group on Arbitrary Detention found Ros Sokhet's detention arbitrary in November 2021; he later completed his sentence and was released.,https://cfj.org/news/cambodias-incitement-law-is-inconsistent-with-international-human-rights-standards-un-working-group-finds/,Yuxin Tang,"UN finding, not acquittal; release followed completion of sentence."
https://cfj.org/reports/cambodia-v-theary-seng-september-2022/,Cambodia v. Theary Seng (September 2022),F,Theary Seng,3,6,not good,https://cfj.org/news/egregious-and-blatant-violations-of-the-rule-of-law-and-administration-of-justice-in-trial-of-cambodian-american-lawyer/,UN found detention arbitrary,The UN Working Group on Arbitrary Detention found Theary Seng's detention arbitrary in June 2023 and called for her release.,https://kennedyhumanrights.org/litigation/theary-seng-v-cambodia-activists-detention-declared-arbitrary-and-politically-motivated/,Yuxin Tang,UN finding; the cited source says she remains imprisoned.
https://cfj.org/reports/cambodia-vs-uon-chhin-and-yeang-sothearin/,Cambodia vs. Uon Chhin and Yeang Sothearin,D,Uon Chhin; Yeang Sothearin,2,2,good,https://cfj.org/reports/cambodia-vs-uon-chhin-and-yeang-sothearin/,UN found detention arbitrary,The UN Working Group on Arbitrary Detention found Uon Chhin and Yeang Sothearin's detention arbitrary in 2019.,https://www.hrw.org/news/2019/07/24/cambodia-drop-case-against-journalists,Yuxin Tang,UN finding applies to both; it is not an acquittal or dismissal.
https://cfj.org/reports/el-salvador-the-case-against-diana/,El Salvador: The Case Against Diana,C,Diana,1,2,good,https://cfj.org/news/clooney-foundation-for-justice-statement-on-the-release-of-reports-on-the-trials-of-evelyn-hernandez-and-diana-in-el-salvador/,charges dropped,The court dismissed the charges against Diana for lack of evidence.,https://cfj.org/reports/el-salvador-the-case-against-diana/,Yuxin Tang,"Dismissal, not a conviction; Diana is a pseudonym."
https://cfj.org/reports/final-report-the-case-of-paul-rusesabagina/,Final Report: The Case of Paul Rusesabagina,D,Paul Rusesabagina,6,7,not good,https://cfj.org/news/hotel-rwanda-figure-paul-rusesabaginas-trial-seriously-flawed-says-trialwatch-report/,released early / pardoned,"Paul Rusesabagina's 25-year prison sentence was commuted in 2023, and he was released and reunited with his family.",https://cfj.org/newsletter/2023-update/,Yuxin Tang,Commutation and release; no acquittal recorded.
https://cfj.org/reports/government-of-thailand-chaiwat-limlikhitaksorn-v-wuth-boonlert-samak-donnapee/,Government of Thailand & Chaiwat Limlikhitaksorn v. Wuth Boonlert & Samak Donnapee,C,Wuth Boonlert; Samak Donnapee,1,1,good,https://cfj.org/news/statement-on-the-trials-of-wuth-boonlert-and-samak-donnapee-in-thailand/,acquitted,Wuth Boonlert and Samak Donnapee were both acquitted in the monitored defamation proceedings.,https://cfj.org/news/statement-on-the-trials-of-wuth-boonlert-and-samak-donnapee-in-thailand/,Yuxin Tang,Acquittals apply to both named defendants.
https://cfj.org/reports/hong-kong-special-administrative-region-v-bao-choy-yuk-ling/,Hong Kong Special Administrative Region v. Bao Choy Yuk-ling,C,Bao Choy Yuk-ling,2,5,not good,https://cfj.org/news/journalists-appeal-of-conviction-a-key-test-for-hong-kong/,conviction overturned,Hong Kong's Court of Final Appeal overturned Bao Choy Yuk-ling's convictions on both counts on 5 June 2023.,https://cpj.org/2023/06/cpj-welcomes-overturning-of-hong-kong-journalist-choy-yuk-lings-conviction-urges-end-of-media-persecution/,Yuxin Tang,2023 reversal supersedes the original 2021 conviction.
https://cfj.org/reports/hong-kong-special-administrative-region-v-tam-tak-chi/,Hong Kong Special Administrative Region v. Tam Tak-chi,D,Tam Tak-chi,1,6,not good,https://cfj.org/news/hong-kongs-first-sedition-trial-in-decades-sets-dangerous-precedent/,convicted,Tam Tak-chi's 2022 convictions and 40-month prison sentence remained in place after his final appeal was dismissed on 6 March 2025.,https://www.reuters.com/world/asia-pacific/jailed-pro-democracy-hong-kong-radio-host-loses-final-appeal-over-sedition-2025-03-06/,Yuxin Tang,Final appeal rejected; no current custody status inferred.
https://cfj.org/reports/hong-kong-special-administrative-region-v-tong-ying-kit/,Hong Kong Special Administrative Region v. Tong Ying-kit,D,Tong Ying-kit,2,6,not good,https://cfj.org/news/dangerous-precedent-set-at-hong-kongs-first-trial-under-national-security-law/,convicted,Tong Ying-kit was convicted of inciting secession and terrorist activities and sentenced to nine years in prison in 2021.,https://cfj.org/news/dangerous-precedent-set-at-hong-kongs-first-trial-under-national-security-law/,Yuxin Tang,Historical conviction; later reversal not confirmed in this review.
https://cfj.org/reports/indonesia-vs-suzethe-margaret/,Indonesia vs. Suzethe Margaret,C,Suzethe Margaret,1,6,not good,https://cfj.org/news/trialwatch-fairness-report-shows-flaws-in-indonesias-blasphemy-law-and-courts-treatment-of-individuals-with-disabilities/,acquitted,Suzethe Margaret was found not guilty because of her psychosocial disability; the detention order was immediately suspended.,https://cfj.org/news/trialwatch-fairness-report-shows-flaws-in-indonesias-blasphemy-law-and-courts-treatment-of-individuals-with-disabilities/,Yuxin Tang,Suspended detention order does not establish a conviction.
https://cfj.org/reports/kazakhstan-v-aigul-utepova/,Kazakhstan v. Aigul Utepova,D,Aigul Utepova,2,4,not good,https://cfj.org/news/journalist-convicted-under-unfair-anti-extremism-law-in-kazakhstan-should-have-conviction-overturned/,convicted,"Aigul Utepova was convicted in April 2021, sentenced to one year of restricted liberty and community service, and barred from civic activity for two years.",https://cfj.org/news/journalist-convicted-under-unfair-anti-extremism-law-in-kazakhstan-should-have-conviction-overturned/,Yuxin Tang,Appeal rejected; a call to overturn is not an actual reversal.
https://cfj.org/reports/kazakhstan-v-alnur-ilyashev/,Kazakhstan v. Alnur Ilyashev,D,Alnur Ilyashev,6,11,not good,https://cfj.org/news/kazakhstan-should-comply-with-un-decision-and-quash-activists-conviction/,UN found detention arbitrary,The UN Working Group on Arbitrary Detention found Alnur Ilyashev's detention arbitrary in March 2022 and called for his conviction to be quashed.,https://cfj.org/news/kazakhstan-should-comply-with-un-decision-and-quash-activists-conviction/,Yuxin Tang,"UN finding; quashing was requested, not confirmed."
https://cfj.org/reports/kazakhstan-v-askhat-zheksebaev-et-al/,Kazakhstan v. Askhat Zheksebaev et al.,D,Askhat Zheksebaev,1,7,not good,https://cfj.org/news/kazakh-activists-conviction-for-social-media-posts-was-deeply-flawed/,released early / pardoned,"Askhat Zheksebaev's five-year prison sentence was suspended in April 2022, and he was released in May 2022 with restrictions on activism and movement.",https://cfj.org/news/kazakh-activists-conviction-for-social-media-posts-was-deeply-flawed/,Yuxin Tang,Applies to Zheksebaev only; co-defendants' outcomes are not classified.
https://cfj.org/reports/malaysia-v-malaysiakini-and-steven-gan/,Malaysia v. Malaysiakini and Steven Gan,D,Malaysiakini; Steven Gan,2,6,not good,https://cfj.org/news/conviction-for-contempt-risks-forcing-news-sites-to-censor-online-activity/,unknown,"Malaysiakini was convicted of contempt of court, while its editor Steven Gan was acquitted.",https://cfj.org/news/conviction-for-contempt-risks-forcing-news-sites-to-censor-online-activity/,Yuxin Tang,Company convicted; editor acquitted. Aggregate classification rule needed.
https://cfj.org/reports/mexico-v-kenia-hernandez/,Mexico v. Kenia Hernandez,D,Kenia Hernandez,3,5,not good,https://cfj.org/news/under-siege-in-the-mexican-criminal-justice-system-a-female-human-rights-defender-faces-decades-in-prison/,still detained,"OMCT reported on 13 May 2026 that Kenia Hernandez remained imprisoned despite closure of eight federal cases, with two state cases and related appeals remaining.",https://www.omct.org/es/recursos/declaraciones/m%C3%A9xico-el-cierre-de-las-causas-federales-presenta-una-oportunidad-de-hacer-justicia-y-liberar-a-la-defensora-de-derechos-humanos-kenia-hern%C3%A1ndez-en-procesos-de-amparo-por-casos-de-criminalizaci%C3%B3n,Yuxin Tang,Still imprisoned as of May 2026; closed cases did not secure release.
https://cfj.org/reports/morocco-v-omar-radi/,Morocco v. Omar Radi,D,Omar Radi,5,10,not good,https://cfj.org/news/moroccan-journalist-subjected-to-abuse-of-process-new-trialwatch-report-finds/,convicted,Omar Radi was convicted of insulting the judiciary on 17 March 2020 and received a four-month suspended sentence and a 500-dirham fine.,https://cfj.org/wp-content/uploads/2023/07/Fairness-Report-on-the-Trial-of-Omar-Radi-in-Morocco.pdf,Yuxin Tang,2020 tweet case; do not transfer the later case's pardon to this verdict.
https://cfj.org/reports/morocco-v-omar-radi-ii/,Morocco v. Omar Radi II,D,Omar Radi,5,11,not good,https://cfj.org/news/moroccan-journalist-subjected-to-abuse-of-process-new-trialwatch-report-finds/,released early / pardoned,Omar Radi was pardoned and released on 29 July 2024 after serving part of his six-year sentence in the espionage and rape case.,https://www.reuters.com/world/africa/morocco-releases-jailed-journalists-pardons-2476-convicts-2024-07-29/,Yuxin Tang,2021 case; pardon and release do not mean acquittal.
https://cfj.org/reports/nigeria-v-eromosele-adene-and-nicholas-mbah/,Nigeria v. Eromosele Adene and Nicholas Mbah,D,Eromosele Adene; Nicholas Mbah,1,1,not good,https://cfj.org/reports/nigeria-v-eromosele-adene-and-nicholas-mbah/,unknown,"Adene's charges were dismissed in October 2021, while Mbah's proceedings were still ongoing when CFJ reported on the cases.",https://cfj.org/news/prosecution-of-endsars-protesters-in-nigeria-shows-police-misconduct-extends-to-the-courts-says-trialwatch-report/,Yuxin Tang,Adene dismissed; Mbah unresolved. Aggregate classification rule needed.
https://cfj.org/reports/poland-vs-elzbieta-podlesna-anna-prus-and-joanna-gzyra-iskandar/,"Poland vs. Elzbieta Podlesna, Anna Prus, and Joanna Gzyra-Iskandar",D,Elzbieta Podlesna; Anna Prus; Joanna Gzyra-Iskandar,3,3,mixed,https://cfj.org/news/feature-rainbow-mary-and-the-fight-for-polands-future/,acquitted,"All three women were acquitted in the Rainbow Virgin Mary case, and the prosecution's appeal was dismissed on 12 January 2022.",https://www.amnesty.org/en/latest/news/2022/01/poland-after-acquitting-rainbow-halo-women-authorities-must-end-their-witch-hunt-against-activists/,Yuxin Tang,January 2022 appeal result independently corroborated by Amnesty.
https://cfj.org/reports/russia-vs-aleksey-navalny/,Russia vs. Aleksey Navalny,F,Aleksey Navalny,5,9,not good,https://cfj.org/news/navalnys-slander-conviction-a-persistent-violation-of-his-rights-says-trialwatch-report/,convicted,Aleksey Navalny was convicted and fined in the monitored 2021 criminal slander case concerning comments about a war veteran.,https://cfj.org/news/navalnys-slander-conviction-a-persistent-violation-of-his-rights-says-trialwatch-report/,Yuxin Tang,"This row concerns the slander case, not his separate prison sentences."
https://cfj.org/reports/russian-federation-v-mikhail-benyash/,Russian Federation v. Mikhail Benyash,D,Mikhail Benyash,5,9,not good,https://cfj.org/news/russias-conviction-of-human-rights-lawyer-should-be-overturned/,convicted,Mikhail Benyash was convicted again and fined on 6 March 2023 following a retrial after his earlier conviction was overturned.,https://cfj.org/news/russias-conviction-of-human-rights-lawyer-should-be-overturned/,Yuxin Tang,The earlier reversal was followed by a new conviction.
https://cfj.org/reports/russian-federation-vs-anastasia-shevchenko/,Russian Federation vs. Anastasia Shevchenko,D,Anastasia Shevchenko,2,5,not good,https://cfj.org/news/cruelty-in-russian-activists-case-shows-true-damage-of-undesirable-organization-law/,convicted,"Anastasia Shevchenko's monitored-case conviction remained in place; after conversion of her suspended sentence to imprisonment in December 2022, the term was reduced by one year in February 2023.",https://www.eng.kavkaz-uzel.eu/articles/62098,Yuxin Tang,Later sentence changed; reduction did not overturn the conviction.
https://cfj.org/reports/russian-federation-vs-svetlana-prokopyeva/,Russian Federation vs. Svetlana Prokopyeva,D,Svetlana Prokopyeva,2,8,not good,https://cfj.org/news/journalist-svetlana-prokpyevas-conviction-should-be-overturned-on-appeal/,convicted,"Svetlana Prokopyeva's conviction for justifying terrorism and 500,000-ruble fine were upheld by the military appeal court on 2 February 2021.",https://www.sova-center.ru/misuse/news/persecution/2021/02/d43597/,Yuxin Tang,Appeal upheld conviction; an unrelated civil dismissal is not acquittal.
https://cfj.org/reports/socialist-republic-of-vietnam-v-pham-thi-doan-trang/,Socialist Republic of Vietnam v. Pham Thi Doan Trang,F,Pham Thi Doan Trang,1,5,not good,https://cfj.org/news/award-winning-vietnamese-journalists-trial-was-designed-to-silence-her-trialwatch-report-finds/,UN found detention arbitrary,The UN Working Group on Arbitrary Detention found Pham Thi Doan Trang's detention arbitrary on 25 October 2021 and called for her release.,https://www.pen-international.org/cases/pham-doan-trang,Yuxin Tang,UN finding; her later nine-year conviction was upheld on appeal.
https://cfj.org/reports/thailand-v-does-1-5-of-the-organization-for-thai-federation/,Thailand v. Does 1-5 of the Organization for Thai Federation,D,Organization for Thai Federation,1,1,not good,https://cfj.org/reports/thailand-v-does-1-5-of-the-organization-for-thai-federation/,unknown,Four defendants were convicted of secret-society membership and acquitted of sedition in January 2020; the fifth defendant had fled before trial.,https://cfj.org/wp-content/uploads/2023/07/OTF-Fairness-Report-July-2020.pdf,Yuxin Tang,Four convicted of one charge; fifth unresolved. Group rule needed.
https://cfj.org/reports/the-trial-of-the-peacock-generation-troupe-myanmar/,The Trial of the Peacock Generation Troupe: Myanmar,D,Peacock Generation,1,0,unknown,,unknown,Six of seven troupe members were convicted in the monitored trial; three later received an amnesty and three others had already been released.,https://amnesty.ca/features/outcome-myanmar-satire-performers-released-from-prison-early/,Yuxin Tang,Different verdicts and release routes. Aggregate classification rule needed.
https://cfj.org/reports/trial-monitoring-of-people-v-cansu-piskin/,Trial Monitoring of People v. Cansu Pişkin,D,Cansu Pişkin,2,1,not good,https://cfj.org/reports/trial-monitoring-of-people-v-cansu-piskin/,convicted,"Cansu Piskin was found guilty on 7 May 2019 and given a ten-month prison sentence, which the court deferred.",https://www.expressioninterrupted.com/journalist-cansu-piskin-handed-down-prison-sentence/,Yuxin Tang,Deferred sentence; later dismissal or reversal unconfirmed.
https://cfj.org/reports/trial-monitoring-of-proceedings-against-ahmed-manseri/,Trial Monitoring of Proceedings against Ahmed Manseri,D,Ahmed Manseri,1,6,good,https://cfj.org/news/update-trialwatch-monitoring-in-algeria/,acquitted,Ahmed Manseri was acquitted in the monitored prosecution over his allegation of police torture.,https://cfj.org/news/update-trialwatch-monitoring-in-algeria/,Yuxin Tang,"Acquittal in this case; later, separate charges are not included."
https://cfj.org/reports/tunisia-vs-emna-chargui/,Tunisia vs. Emna Chargui,D,Emna Chargui,2,5,not good,https://cfj.org/news/trialwatch-report-show-need-for-constitutional-court-in-tunisia/,convicted,"Emna Chargui was convicted in July 2020 and sentenced to six months in prison and a 2,000-dinar fine for reposting a satirical text.",https://cfj.org/news/statement-on-the-conviction-of-emna-chargui-in-tunisia/,Yuxin Tang,Later appeal result unconfirmed; advocacy for reversal is not acquittal.
https://cfj.org/reports/turkey-v-veysel-ok/,Turkey v. Veysel Ok,D,Veysel Ok,1,1,not good,https://cfj.org/reports/turkey-v-veysel-ok/,convicted,Veysel Ok was convicted on 12 September 2019 and received a five-month suspended prison sentence.,https://cfj.org/wp-content/uploads/2023/07/01272020-Turkey-Veysel-Ok-Fairness-Report.pdf,Yuxin Tang,Suspension does not establish acquittal; later dismissal unconfirmed.
https://cfj.org/reports/turkey-vs-ahmet-tuna-altinel/,Turkey vs. Ahmet Tuna Altınel,C,Ahmet Tuna Altınel,1,4,good,https://cfj.org/news/statement-on-the-trialwatch-fairness-report-on-the-trial-of-ahmet-tuna-altinel-in-turkey/,acquitted,"Ahmet Tuna Altinel was acquitted of terrorist-propaganda charges in the monitored case, and the regional appeal court affirmed the acquittal.",https://cfj.org/news/statement-on-the-trialwatch-fairness-report-on-the-trial-of-ahmet-tuna-altinel-in-turkey/,Yuxin Tang,Monitored case only; passport restrictions are a separate issue.
https://cfj.org/reports/uganda-v-moses-bwayo/,Uganda v. Moses Bwayo,C,Moses Bwayo,1,0,unknown,,charges dropped,The court dismissed the unlawful-assembly charges against Moses Bwayo because the prosecution presented no witnesses.,https://cfj.org/news/trialwatch-report-on-proceedings-against-moses-bwayo-reinforces-concerns-about-ugandas-pre-election-crackdown-on-the-opposition/,Yuxin Tang,Dismissal confirmed; the machine's unknown suggestion was incomplete.
https://cfj.org/reports/uganda-v-stella-nyanzi/,Uganda v. Stella Nyanzi,D,Stella Nyanzi,2,6,not good,https://cfj.org/news/clooney-foundation-for-justice-vacate-stella-nyanzis-conviction/,conviction overturned,"Uganda's High Court overturned Stella Nyanzi's conviction and sentence on 20 February 2020, and she was released the same day.",https://www.englishpen.org/posts/news/uganda-pen-welcomes-the-release-of-dr-stella-nyanzi/,Yuxin Tang,Reversal confirmed; release was not merely bail.
https://cfj.org/reports/venezuela-v-vannesa-rosales/,Venezuela v. Vannesa Rosales,D,Vannesa Rosales,1,4,not good,https://cfj.org/news/teacher-prosecuted-in-venezuela-for-providing-abortion-pills-to-child-rape-survivor/,convicted,Vannesa Rosales pleaded guilty to one abortion-related charge on 21 July 2021 and was sentenced to community service.,https://cfj.org/news/teacher-prosecuted-in-venezuela-for-providing-abortion-pills-to-child-rape-survivor/,Yuxin Tang,"Guilty plea and community service, not acquittal or complete dismissal."
https://cfj.org/reports/russian-federation-vs-alexander-pichugin/,Russian Federation vs. Alexander Pichugin,D,Alexander Pichugin,2,4,not good,https://cfj.org/news/russian-court-violated-journalists-rights-during-fake-news-trial-says-trialwatch-report/,convicted,"Alexander Pichugin was convicted in the monitored fake-news prosecution and fined 300,000 rubles.",https://cfj.org/news/russian-court-violated-journalists-rights-during-fake-news-trial-says-trialwatch-report/,Yuxin Tang,Historical conviction; later reversal not confirmed in this review.
https://cfj.org/reports/pakistan-v-mir-shakeel-ur-rehman/,Pakistan v. Mir Shakeel-ur-Rehman,D,Mir Shakeel-ur-Rehman,0,0,unknown,,acquitted,Mir Shakeel-ur-Rehman was acquitted in the monitored land-allotment corruption case on 31 January 2022 for lack of evidence.,https://www.reuters.com/world/asia-pacific/pakistani-media-mogul-acquitted-graft-charges-2022-01-31/,Yuxin Tang,2022 acquittal; his November 2020 bail was not the final outcome.
https://cfj.org/reports/russia-v-nariman-dzhelyal/,Russia v. Nariman Dzhelyal,F,Nariman Dzhelyal,1,4,not good,https://cfj.org/reports/russia-v-nariman-dzhelyal/,released early / pardoned,Nariman Dzhelyal was released on 28 June 2024 in a prisoner exchange before completing his 17-year sentence.,https://crimea-platform.org/en/news/nariman-dzhelyal-na-voli/,Yuxin Tang,"Prisoner exchange, not pardon or acquittal; applies to Dzhelyal."
https://cfj.org/reports/fairness-report-kazakhstan-v-duman-mukhammedkarim/,Fairness Report: Kazakhstan v. Duman Mukhammedkarim,F,Duman Mukhammedkarim,0,4,not good,https://cfj.org/reports/fairness-report-kazakhstan-v-duman-mukhammedkarim/,convicted,Duman Mukhammedkarim's seven-year prison sentence was upheld by an Almaty regional court in November 2024.,https://www.rferl.org/a/kazakhstan-appeal-rejected-journalist-mukhammedkarim/33194631.html,Yuxin Tang,Appeal rejected; later reversal or release unconfirmed.
https://cfj.org/reports/fairness-report-marat-zhylanbaev/,Fairness Report: Marat Zhylanbaev,F,Marat Zhylanbaev,1,5,not good,https://cfj.org/news/trialwatch-and-covington-challenge-kazakh-opposition-figures-conviction-in-petition-to-un/,UN found detention arbitrary,The UN Working Group on Arbitrary Detention found Marat Zhylanbaev's detention arbitrary in 2025 and called for his immediate release.,https://www.amnesty.org/en/location/europe-and-central-asia/eastern-europe-and-central-asia/kazakhstan/report-kazakhstan/,Yuxin Tang,UN finding; it does not confirm an actual release.
https://cfj.org/reports/thailand-v-katanyu-muenkhamruang-pan/,"Thailand v. Katanyu Muenkhamruang ""Pan""",D,Katanyu Muenkhamruang Pan,0,0,unknown,,convicted,"Katanyu Pan Muenkhamruang was convicted on 22 November 2023 and sentenced to two years in prison, with bail pending appeal.",https://cfj.org/wp-content/uploads/2025/06/Fairness-Report_Thailand-Pan-Thalufah-June-2025-1.pdf,Yuxin Tang,June 2025 report says appeal pending; bail is not acquittal.
https://cfj.org/reports/fairness-report-kazakhstan-v-nazym-tabyldieva/,Fairness Report: Kazakhstan v. Nazym Tabyldieva,F,Nazym Tabyldieva,0,4,not good,https://cfj.org/reports/fairness-report-kazakhstan-v-nazym-tabyldieva/,convicted,Nazym Tabyldieva was convicted on 10 November 2023 and sentenced to 18 months of house arrest and a five-year social-media activity ban.,https://cfj.org/wp-content/uploads/2025/11/2025.11-Fairness-Report_Kazakhstan-v.-Nazym-Tabyldieva.pdf,Yuxin Tang,Earlier investigation closure did not prevent the later conviction.
https://cfj.org/reports/cambodia-v-thach-setha/,Cambodia v. Thach Setha,D,Thach Setha,0,4,good,https://cfj.org/reports/cambodia-v-thach-setha/,convicted,Thach Setha was convicted in both monitored cases in 2023 and received 18 months for forgery and three years for incitement.,https://cfj.org/wp-content/uploads/2024/10/2024-October-Fairness-Report_Cambodia-Thach-Setha.pdf,Yuxin Tang,Earlier pardon and separate acquittal do not resolve these convictions.
https://cfj.org/reports/fairness-report-abzas-media/,CFJ Fairness Report: Abzas Media,F,Abzas Media,0,0,unknown,,convicted,All seven Abzas Media defendants were convicted in June 2025 and sentenced to 7.5 to nine years; the Supreme Court rejected the final cassation appeals in April 2026.,https://cfj.org/wp-content/uploads/2026/07/2026-July-Abzas-Media-Fairness-Report.pdf,Yuxin Tang,July 2026 report confirms the Supreme Court upheld the convictions.
