report_url,case,grade,country,region,charges,speech,roles,keyword_counts
https://cfj.org/reports/15-post-election-trials-a-window-into-courts-in-belarus/,15 Post-Election Trials: A Window into Courts in Belarus,D,Belarus,Europe and Caucasus,incitement or public order,journalism; protest or assembly,journalist; human rights defender or activist; opposition politician,"{""defamation or insult"": 1, ""incitement or public order"": 6, ""false information"": 0, ""extremism or terrorism"": 2, ""sedition or national security"": 1, ""religion or blasphemy"": 0, ""online post"": 18, ""journalism"": 42, ""protest or assembly"": 167, ""art or satire"": 1, ""journalist"": 40, ""human rights defender or activist"": 24, ""opposition politician"": 10, ""human rights lawyer"": 6, ""academic"": 0}"
https://cfj.org/reports/belarus-v-katsiaryna-andreyeva-and-daria-chultsova/,Belarus v. Katsiaryna Andreyeva and Daria Chultsova,D,Belarus,Europe and Caucasus,incitement or public order,journalism; protest or assembly,journalist,"{""defamation or insult"": 1, ""incitement or public order"": 50, ""false information"": 1, ""extremism or terrorism"": 11, ""sedition or national security"": 9, ""religion or blasphemy"": 2, ""online post"": 12, ""journalism"": 263, ""protest or assembly"": 238, ""art or satire"": 2, ""journalist"": 153, ""human rights defender or activist"": 14, ""opposition politician"": 4, ""human rights lawyer"": 1, ""academic"": 3}"
https://cfj.org/reports/cambodia-v-kak-sovannchhay/,Cambodia v. Kak Sovannchhay,D,Cambodia,Southeast Asia,defamation or insult; incitement or public order,online post; journalism; protest or assembly,journalist; human rights defender or activist,"{""defamation or insult"": 30, ""incitement or public order"": 81, ""false information"": 0, ""extremism or terrorism"": 3, ""sedition or national security"": 6, ""religion or blasphemy"": 4, ""online post"": 24, ""journalism"": 7, ""protest or assembly"": 23, ""art or satire"": 2, ""journalist"": 6, ""human rights defender or activist"": 22, ""opposition politician"": 5, ""human rights lawyer"": 2, ""academic"": 2}"
https://cfj.org/reports/cambodia-v-kong-raiya/,Cambodia v. Kong Raiya,D,Cambodia,Southeast Asia,incitement or public order,online post; protest or assembly,human rights defender or activist,"{""defamation or insult"": 6, ""incitement or public order"": 78, ""false information"": 1, ""extremism or terrorism"": 3, ""sedition or national security"": 2, ""religion or blasphemy"": 3, ""online post"": 31, ""journalism"": 7, ""protest or assembly"": 22, ""art or satire"": 0, ""journalist"": 5, ""human rights defender or activist"": 38, ""opposition politician"": 3, ""human rights lawyer"": 0, ""academic"": 0}"
https://cfj.org/reports/cambodia-v-ros-sokhet/,Cambodia v. Ros Sokhet,D,Cambodia,Southeast Asia,incitement or public order,online post; journalism,journalist; human rights defender or activist,"{""defamation or insult"": 16, ""incitement or public order"": 106, ""false information"": 3, ""extremism or terrorism"": 2, ""sedition or national security"": 4, ""religion or blasphemy"": 2, ""online post"": 89, ""journalism"": 45, ""protest or assembly"": 12, ""art or satire"": 0, ""journalist"": 41, ""human rights defender or activist"": 16, ""opposition politician"": 2, ""human rights lawyer"": 0, ""academic"": 0}"
https://cfj.org/reports/cambodia-v-theary-seng-september-2022/,Cambodia v. Theary Seng (September 2022),F,Cambodia,Southeast Asia,incitement or public order; sedition or national security,online post,journalist; human rights defender or activist; opposition politician,"{""defamation or insult"": 7, ""incitement or public order"": 92, ""false information"": 0, ""extremism or terrorism"": 4, ""sedition or national security"": 34, ""religion or blasphemy"": 5, ""online post"": 92, ""journalism"": 8, ""protest or assembly"": 17, ""art or satire"": 1, ""journalist"": 7, ""human rights defender or activist"": 14, ""opposition politician"": 22, ""human rights lawyer"": 2, ""academic"": 0}"
https://cfj.org/reports/cambodia-vs-uon-chhin-and-yeang-sothearin/,Cambodia vs. Uon Chhin and Yeang Sothearin,D,Cambodia,Southeast Asia,sedition or national security,journalism,journalist; academic,"{""defamation or insult"": 1, ""incitement or public order"": 6, ""false information"": 0, ""extremism or terrorism"": 0, ""sedition or national security"": 38, ""religion or blasphemy"": 0, ""online post"": 3, ""journalism"": 61, ""protest or assembly"": 8, ""art or satire"": 0, ""journalist"": 29, ""human rights defender or activist"": 2, ""opposition politician"": 5, ""human rights lawyer"": 1, ""academic"": 8}"
https://cfj.org/reports/el-salvador-the-case-against-diana/,El Salvador: The Case Against Diana,C,El Salvador,Latin America,,journalism; protest or assembly,academic,"{""defamation or insult"": 0, ""incitement or public order"": 0, ""false information"": 0, ""extremism or terrorism"": 0, ""sedition or national security"": 1, ""religion or blasphemy"": 0, ""online post"": 0, ""journalism"": 9, ""protest or assembly"": 5, ""art or satire"": 1, ""journalist"": 1, ""human rights defender or activist"": 2, ""opposition politician"": 0, ""human rights lawyer"": 0, ""academic"": 11}"
https://cfj.org/reports/final-report-the-case-of-paul-rusesabagina/,Final Report: The Case of Paul Rusesabagina,D,Rwanda,Sub-Saharan Africa,extremism or terrorism,online post; journalism; protest or assembly,,"{""defamation or insult"": 0, ""incitement or public order"": 3, ""false information"": 0, ""extremism or terrorism"": 116, ""sedition or national security"": 0, ""religion or blasphemy"": 0, ""online post"": 6, ""journalism"": 10, ""protest or assembly"": 3, ""art or satire"": 1, ""journalist"": 1, ""human rights defender or activist"": 0, ""opposition politician"": 0, ""human rights lawyer"": 0, ""academic"": 1}"
https://cfj.org/reports/government-of-thailand-chaiwat-limlikhitaksorn-v-wuth-boonlert-samak-donnapee/,Government of Thailand & Chaiwat Limlikhitaksorn v. Wuth Boonlert & Samak Donnapee,C,Thailand,Southeast Asia,defamation or insult,online post,human rights defender or activist,"{""defamation or insult"": 66, ""incitement or public order"": 3, ""false information"": 0, ""extremism or terrorism"": 0, ""sedition or national security"": 2, ""religion or blasphemy"": 0, ""online post"": 64, ""journalism"": 13, ""protest or assembly"": 2, ""art or satire"": 0, ""journalist"": 7, ""human rights defender or activist"": 34, ""opposition politician"": 0, ""human rights lawyer"": 5, ""academic"": 2}"
https://cfj.org/reports/hong-kong-special-administrative-region-v-bao-choy-yuk-ling/,Hong Kong Special Administrative Region v. Bao Choy Yuk-ling,C,Hong Kong,East Asia,incitement or public order; false information; sedition or national security,online post; journalism; protest or assembly,journalist,"{""defamation or insult"": 2, ""incitement or public order"": 7, ""false information"": 11, ""extremism or terrorism"": 1, ""sedition or national security"": 24, ""religion or blasphemy"": 0, ""online post"": 47, ""journalism"": 151, ""protest or assembly"": 99, ""art or satire"": 8, ""journalist"": 71, ""human rights defender or activist"": 8, ""opposition politician"": 2, ""human rights lawyer"": 0, ""academic"": 1}"
https://cfj.org/reports/hong-kong-special-administrative-region-v-tam-tak-chi/,Hong Kong Special Administrative Region v. Tam Tak-chi,D,Hong Kong,East Asia,incitement or public order; sedition or national security,online post; protest or assembly,human rights defender or activist; academic,"{""defamation or insult"": 16, ""incitement or public order"": 109, ""false information"": 0, ""extremism or terrorism"": 11, ""sedition or national security"": 229, ""religion or blasphemy"": 4, ""online post"": 22, ""journalism"": 10, ""protest or assembly"": 76, ""art or satire"": 1, ""journalist"": 6, ""human rights defender or activist"": 16, ""opposition politician"": 6, ""human rights lawyer"": 0, ""academic"": 28}"
https://cfj.org/reports/hong-kong-special-administrative-region-v-tong-ying-kit/,Hong Kong Special Administrative Region v. Tong Ying-kit,D,Hong Kong,East Asia,incitement or public order; extremism or terrorism; sedition or national security,protest or assembly,journalist; human rights defender or activist; academic,"{""defamation or insult"": 4, ""incitement or public order"": 80, ""false information"": 0, ""extremism or terrorism"": 66, ""sedition or national security"": 107, ""religion or blasphemy"": 0, ""online post"": 16, ""journalism"": 5, ""protest or assembly"": 141, ""art or satire"": 2, ""journalist"": 3, ""human rights defender or activist"": 8, ""opposition politician"": 2, ""human rights lawyer"": 0, ""academic"": 12}"
https://cfj.org/reports/indonesia-vs-suzethe-margaret/,Indonesia vs. Suzethe Margaret,C,Indonesia,Southeast Asia,incitement or public order; religion or blasphemy,online post; protest or assembly,,"{""defamation or insult"": 9, ""incitement or public order"": 27, ""false information"": 0, ""extremism or terrorism"": 3, ""sedition or national security"": 1, ""religion or blasphemy"": 93, ""online post"": 7, ""journalism"": 1, ""protest or assembly"": 18, ""art or satire"": 0, ""journalist"": 1, ""human rights defender or activist"": 1, ""opposition politician"": 0, ""human rights lawyer"": 0, ""academic"": 0}"
https://cfj.org/reports/kazakhstan-v-aigul-utepova/,Kazakhstan v. Aigul Utepova,D,Kazakhstan,Central Asia,incitement or public order; extremism or terrorism,online post; journalism; protest or assembly,journalist; human rights defender or activist,"{""defamation or insult"": 3, ""incitement or public order"": 31, ""false information"": 3, ""extremism or terrorism"": 58, ""sedition or national security"": 4, ""religion or blasphemy"": 2, ""online post"": 100, ""journalism"": 38, ""protest or assembly"": 35, ""art or satire"": 2, ""journalist"": 23, ""human rights defender or activist"": 39, ""opposition politician"": 3, ""human rights lawyer"": 0, ""academic"": 0}"
https://cfj.org/reports/kazakhstan-v-alnur-ilyashev/,Kazakhstan v. Alnur Ilyashev,D,Kazakhstan,Central Asia,incitement or public order; false information,online post,journalist; human rights defender or activist,"{""defamation or insult"": 5, ""incitement or public order"": 25, ""false information"": 24, ""extremism or terrorism"": 5, ""sedition or national security"": 1, ""religion or blasphemy"": 3, ""online post"": 107, ""journalism"": 13, ""protest or assembly"": 20, ""art or satire"": 1, ""journalist"": 8, ""human rights defender or activist"": 32, ""opposition politician"": 1, ""human rights lawyer"": 0, ""academic"": 0}"
https://cfj.org/reports/kazakhstan-v-askhat-zheksebaev-et-al/,Kazakhstan v. Askhat Zheksebaev et al.,D,Kazakhstan,Central Asia,incitement or public order; extremism or terrorism,online post; protest or assembly,human rights defender or activist,"{""defamation or insult"": 1, ""incitement or public order"": 23, ""false information"": 0, ""extremism or terrorism"": 87, ""sedition or national security"": 8, ""religion or blasphemy"": 2, ""online post"": 34, ""journalism"": 9, ""protest or assembly"": 55, ""art or satire"": 1, ""journalist"": 4, ""human rights defender or activist"": 86, ""opposition politician"": 3, ""human rights lawyer"": 0, ""academic"": 5}"
https://cfj.org/reports/malaysia-v-malaysiakini-and-steven-gan/,Malaysia v. Malaysiakini and Steven Gan,D,Malaysia,Southeast Asia,defamation or insult; incitement or public order; sedition or national security,online post; journalism; protest or assembly; art or satire,journalist,"{""defamation or insult"": 22, ""incitement or public order"": 14, ""false information"": 2, ""extremism or terrorism"": 3, ""sedition or national security"": 20, ""religion or blasphemy"": 2, ""online post"": 18, ""journalism"": 25, ""protest or assembly"": 12, ""art or satire"": 11, ""journalist"": 17, ""human rights defender or activist"": 2, ""opposition politician"": 0, ""human rights lawyer"": 0, ""academic"": 2}"
https://cfj.org/reports/mexico-v-kenia-hernandez/,Mexico v. Kenia Hernandez,D,Mexico,Latin America,incitement or public order,protest or assembly,human rights defender or activist,"{""defamation or insult"": 1, ""incitement or public order"": 3, ""false information"": 0, ""extremism or terrorism"": 0, ""sedition or national security"": 1, ""religion or blasphemy"": 0, ""online post"": 2, ""journalism"": 8, ""protest or assembly"": 53, ""art or satire"": 1, ""journalist"": 5, ""human rights defender or activist"": 66, ""opposition politician"": 0, ""human rights lawyer"": 3, ""academic"": 2}"
https://cfj.org/reports/morocco-v-omar-radi/,Morocco v. Omar Radi,D,Morocco,Middle East and North Africa,defamation or insult,online post; journalism; protest or assembly,journalist; human rights defender or activist; academic,"{""defamation or insult"": 16, ""incitement or public order"": 0, ""false information"": 0, ""extremism or terrorism"": 1, ""sedition or national security"": 2, ""religion or blasphemy"": 0, ""online post"": 55, ""journalism"": 34, ""protest or assembly"": 29, ""art or satire"": 1, ""journalist"": 27, ""human rights defender or activist"": 13, ""opposition politician"": 0, ""human rights lawyer"": 0, ""academic"": 12}"
https://cfj.org/reports/morocco-v-omar-radi-ii/,Morocco v. Omar Radi II,D,Morocco,Middle East and North Africa,sedition or national security,journalism,journalist,"{""defamation or insult"": 12, ""incitement or public order"": 5, ""false information"": 0, ""extremism or terrorism"": 1, ""sedition or national security"": 59, ""religion or blasphemy"": 0, ""online post"": 40, ""journalism"": 173, ""protest or assembly"": 20, ""art or satire"": 2, ""journalist"": 166, ""human rights defender or activist"": 9, ""opposition politician"": 0, ""human rights lawyer"": 0, ""academic"": 20}"
https://cfj.org/reports/nigeria-v-eromosele-adene-and-nicholas-mbah/,Nigeria v. Eromosele Adene and Nicholas Mbah,D,Nigeria,Sub-Saharan Africa,incitement or public order; sedition or national security,protest or assembly,journalist; human rights defender or activist; human rights lawyer,"{""defamation or insult"": 0, ""incitement or public order"": 20, ""false information"": 0, ""extremism or terrorism"": 3, ""sedition or national security"": 5, ""religion or blasphemy"": 2, ""online post"": 13, ""journalism"": 22, ""protest or assembly"": 195, ""art or satire"": 1, ""journalist"": 18, ""human rights defender or activist"": 11, ""opposition politician"": 0, ""human rights lawyer"": 5, ""academic"": 2}"
https://cfj.org/reports/poland-vs-elzbieta-podlesna-anna-prus-and-joanna-gzyra-iskandar/,"Poland vs. Elzbieta Podlesna, Anna Prus, and Joanna Gzyra-Iskandar",D,Poland,Europe and Caucasus,defamation or insult; incitement or public order; religion or blasphemy,online post; protest or assembly,human rights defender or activist,"{""defamation or insult"": 32, ""incitement or public order"": 26, ""false information"": 0, ""extremism or terrorism"": 3, ""sedition or national security"": 2, ""religion or blasphemy"": 11, ""online post"": 4, ""journalism"": 2, ""protest or assembly"": 16, ""art or satire"": 1, ""journalist"": 2, ""human rights defender or activist"": 32, ""opposition politician"": 0, ""human rights lawyer"": 0, ""academic"": 5}"
https://cfj.org/reports/russia-vs-aleksey-navalny/,Russia vs. Aleksey Navalny,F,Russia,Europe and Caucasus,defamation or insult,online post; journalism; protest or assembly,journalist; human rights defender or activist; opposition politician,"{""defamation or insult"": 75, ""incitement or public order"": 2, ""false information"": 8, ""extremism or terrorism"": 10, ""sedition or national security"": 5, ""religion or blasphemy"": 0, ""online post"": 47, ""journalism"": 14, ""protest or assembly"": 27, ""art or satire"": 2, ""journalist"": 10, ""human rights defender or activist"": 7, ""opposition politician"": 6, ""human rights lawyer"": 0, ""academic"": 2}"
https://cfj.org/reports/russian-federation-v-mikhail-benyash/,Russian Federation v. Mikhail Benyash,D,Russia,Europe and Caucasus,,online post; protest or assembly,human rights defender or activist; human rights lawyer,"{""defamation or insult"": 1, ""incitement or public order"": 1, ""false information"": 0, ""extremism or terrorism"": 0, ""sedition or national security"": 1, ""religion or blasphemy"": 0, ""online post"": 20, ""journalism"": 7, ""protest or assembly"": 69, ""art or satire"": 1, ""journalist"": 4, ""human rights defender or activist"": 23, ""opposition politician"": 1, ""human rights lawyer"": 10, ""academic"": 0}"
https://cfj.org/reports/russian-federation-vs-anastasia-shevchenko/,Russian Federation vs. Anastasia Shevchenko,D,Russia,Europe and Caucasus,defamation or insult; incitement or public order; extremism or terrorism,journalism; protest or assembly,journalist; human rights defender or activist,"{""defamation or insult"": 4, ""incitement or public order"": 3, ""false information"": 0, ""extremism or terrorism"": 4, ""sedition or national security"": 1, ""religion or blasphemy"": 0, ""online post"": 5, ""journalism"": 22, ""protest or assembly"": 50, ""art or satire"": 2, ""journalist"": 17, ""human rights defender or activist"": 39, ""opposition politician"": 3, ""human rights lawyer"": 1, ""academic"": 0}"
https://cfj.org/reports/russian-federation-vs-svetlana-prokopyeva/,Russian Federation vs. Svetlana Prokopyeva,D,Russia,Europe and Caucasus,extremism or terrorism,journalism,journalist,"{""defamation or insult"": 6, ""incitement or public order"": 6, ""false information"": 0, ""extremism or terrorism"": 106, ""sedition or national security"": 7, ""religion or blasphemy"": 0, ""online post"": 7, ""journalism"": 75, ""protest or assembly"": 13, ""art or satire"": 0, ""journalist"": 43, ""human rights defender or activist"": 6, ""opposition politician"": 0, ""human rights lawyer"": 0, ""academic"": 0}"
https://cfj.org/reports/socialist-republic-of-vietnam-v-pham-thi-doan-trang/,Socialist Republic of Vietnam v. Pham Thi Doan Trang,F,Vietnam,Southeast Asia,sedition or national security,online post; journalism; protest or assembly,journalist; human rights defender or activist,"{""defamation or insult"": 12, ""incitement or public order"": 6, ""false information"": 7, ""extremism or terrorism"": 2, ""sedition or national security"": 53, ""religion or blasphemy"": 0, ""online post"": 11, ""journalism"": 43, ""protest or assembly"": 17, ""art or satire"": 2, ""journalist"": 34, ""human rights defender or activist"": 40, ""opposition politician"": 0, ""human rights lawyer"": 0, ""academic"": 0}"
https://cfj.org/reports/thailand-v-does-1-5-of-the-organization-for-thai-federation/,Thailand v. Does 1-5 of the Organization for Thai Federation,D,Thailand,Southeast Asia,incitement or public order; sedition or national security,online post; protest or assembly,human rights defender or activist; academic,"{""defamation or insult"": 5, ""incitement or public order"": 15, ""false information"": 0, ""extremism or terrorism"": 6, ""sedition or national security"": 28, ""religion or blasphemy"": 0, ""online post"": 16, ""journalism"": 1, ""protest or assembly"": 18, ""art or satire"": 3, ""journalist"": 1, ""human rights defender or activist"": 15, ""opposition politician"": 0, ""human rights lawyer"": 0, ""academic"": 4}"
https://cfj.org/reports/the-trial-of-the-peacock-generation-troupe-myanmar/,The Trial of the Peacock Generation Troupe: Myanmar,D,Myanmar,Southeast Asia,defamation or insult; incitement or public order; sedition or national security,online post; art or satire,journalist; academic,"{""defamation or insult"": 11, ""incitement or public order"": 14, ""false information"": 0, ""extremism or terrorism"": 3, ""sedition or national security"": 4, ""religion or blasphemy"": 1, ""online post"": 17, ""journalism"": 5, ""protest or assembly"": 2, ""art or satire"": 50, ""journalist"": 4, ""human rights defender or activist"": 2, ""opposition politician"": 0, ""human rights lawyer"": 0, ""academic"": 5}"
https://cfj.org/reports/trial-monitoring-of-people-v-cansu-piskin/,Trial Monitoring of People v. Cansu Pişkin,D,Turkey,Europe and Caucasus,extremism or terrorism,journalism,journalist,"{""defamation or insult"": 1, ""incitement or public order"": 3, ""false information"": 0, ""extremism or terrorism"": 35, ""sedition or national security"": 3, ""religion or blasphemy"": 0, ""online post"": 2, ""journalism"": 35, ""protest or assembly"": 5, ""art or satire"": 2, ""journalist"": 32, ""human rights defender or activist"": 2, ""opposition politician"": 0, ""human rights lawyer"": 0, ""academic"": 4}"
https://cfj.org/reports/trial-monitoring-of-proceedings-against-ahmed-manseri/,Trial Monitoring of Proceedings against Ahmed Manseri,D,Algeria,Middle East and North Africa,defamation or insult,protest or assembly,human rights defender or activist,"{""defamation or insult"": 20, ""incitement or public order"": 2, ""false information"": 0, ""extremism or terrorism"": 0, ""sedition or national security"": 3, ""religion or blasphemy"": 0, ""online post"": 2, ""journalism"": 2, ""protest or assembly"": 5, ""art or satire"": 0, ""journalist"": 2, ""human rights defender or activist"": 14, ""opposition politician"": 0, ""human rights lawyer"": 0, ""academic"": 0}"
https://cfj.org/reports/tunisia-vs-emna-chargui/,Tunisia vs. Emna Chargui,D,Tunisia,Middle East and North Africa,incitement or public order; religion or blasphemy,online post; art or satire,journalist; human rights defender or activist,"{""defamation or insult"": 12, ""incitement or public order"": 88, ""false information"": 1, ""extremism or terrorism"": 3, ""sedition or national security"": 6, ""religion or blasphemy"": 26, ""online post"": 48, ""journalism"": 11, ""protest or assembly"": 3, ""art or satire"": 27, ""journalist"": 8, ""human rights defender or activist"": 8, ""opposition politician"": 0, ""human rights lawyer"": 0, ""academic"": 0}"
https://cfj.org/reports/turkey-v-veysel-ok/,Turkey v. Veysel Ok,D,Turkey,Europe and Caucasus,defamation or insult; extremism or terrorism,journalism,journalist; academic,"{""defamation or insult"": 11, ""incitement or public order"": 2, ""false information"": 0, ""extremism or terrorism"": 5, ""sedition or national security"": 1, ""religion or blasphemy"": 0, ""online post"": 1, ""journalism"": 20, ""protest or assembly"": 3, ""art or satire"": 0, ""journalist"": 18, ""human rights defender or activist"": 2, ""opposition politician"": 0, ""human rights lawyer"": 0, ""academic"": 5}"
https://cfj.org/reports/turkey-vs-ahmet-tuna-altinel/,Turkey vs. Ahmet Tuna Altınel,C,Turkey,Europe and Caucasus,extremism or terrorism,online post; journalism; protest or assembly,journalist; academic,"{""defamation or insult"": 0, ""incitement or public order"": 3, ""false information"": 0, ""extremism or terrorism"": 60, ""sedition or national security"": 0, ""religion or blasphemy"": 0, ""online post"": 22, ""journalism"": 17, ""protest or assembly"": 8, ""art or satire"": 0, ""journalist"": 15, ""human rights defender or activist"": 5, ""opposition politician"": 0, ""human rights lawyer"": 0, ""academic"": 31}"
https://cfj.org/reports/uganda-v-moses-bwayo/,Uganda v. Moses Bwayo,C,Uganda,Sub-Saharan Africa,incitement or public order; sedition or national security,journalism; protest or assembly,journalist,"{""defamation or insult"": 1, ""incitement or public order"": 7, ""false information"": 0, ""extremism or terrorism"": 0, ""sedition or national security"": 4, ""religion or blasphemy"": 0, ""online post"": 11, ""journalism"": 61, ""protest or assembly"": 26, ""art or satire"": 10, ""journalist"": 55, ""human rights defender or activist"": 4, ""opposition politician"": 4, ""human rights lawyer"": 1, ""academic"": 1}"
https://cfj.org/reports/uganda-v-stella-nyanzi/,Uganda v. Stella Nyanzi,D,Uganda,Sub-Saharan Africa,defamation or insult; incitement or public order,online post; art or satire,human rights defender or activist; academic,"{""defamation or insult"": 15, ""incitement or public order"": 11, ""false information"": 0, ""extremism or terrorism"": 1, ""sedition or national security"": 1, ""religion or blasphemy"": 1, ""online post"": 26, ""journalism"": 2, ""protest or assembly"": 1, ""art or satire"": 24, ""journalist"": 2, ""human rights defender or activist"": 8, ""opposition politician"": 0, ""human rights lawyer"": 0, ""academic"": 4}"
https://cfj.org/reports/venezuela-v-vannesa-rosales/,Venezuela v. Vannesa Rosales,D,Venezuela,Latin America,extremism or terrorism,online post; protest or assembly; art or satire,human rights defender or activist,"{""defamation or insult"": 0, ""incitement or public order"": 0, ""false information"": 0, ""extremism or terrorism"": 6, ""sedition or national security"": 0, ""religion or blasphemy"": 0, ""online post"": 10, ""journalism"": 1, ""protest or assembly"": 3, ""art or satire"": 3, ""journalist"": 1, ""human rights defender or activist"": 41, ""opposition politician"": 0, ""human rights lawyer"": 4, ""academic"": 0}"
https://cfj.org/reports/russian-federation-vs-alexander-pichugin/,Russian Federation vs. Alexander Pichugin,D,Russia,Europe and Caucasus,false information; extremism or terrorism,online post; journalism; protest or assembly,journalist,"{""defamation or insult"": 1, ""incitement or public order"": 3, ""false information"": 37, ""extremism or terrorism"": 12, ""sedition or national security"": 1, ""religion or blasphemy"": 0, ""online post"": 20, ""journalism"": 28, ""protest or assembly"": 10, ""art or satire"": 4, ""journalist"": 19, ""human rights defender or activist"": 2, ""opposition politician"": 0, ""human rights lawyer"": 0, ""academic"": 0}"
https://cfj.org/reports/pakistan-v-mir-shakeel-ur-rehman/,Pakistan v. Mir Shakeel-ur-Rehman,D,Pakistan,South Asia,sedition or national security,journalism,journalist,"{""defamation or insult"": 0, ""incitement or public order"": 0, ""false information"": 2, ""extremism or terrorism"": 2, ""sedition or national security"": 5, ""religion or blasphemy"": 2, ""online post"": 5, ""journalism"": 100, ""protest or assembly"": 5, ""art or satire"": 1, ""journalist"": 85, ""human rights defender or activist"": 9, ""opposition politician"": 1, ""human rights lawyer"": 0, ""academic"": 0}"
https://cfj.org/reports/russia-v-nariman-dzhelyal/,Russia v. Nariman Dzhelyal,F,Russia,Europe and Caucasus,incitement or public order; false information; extremism or terrorism,online post; journalism; protest or assembly,journalist; human rights defender or activist; academic,"{""defamation or insult"": 2, ""incitement or public order"": 7, ""false information"": 7, ""extremism or terrorism"": 26, ""sedition or national security"": 2, ""religion or blasphemy"": 0, ""online post"": 9, ""journalism"": 20, ""protest or assembly"": 20, ""art or satire"": 0, ""journalist"": 16, ""human rights defender or activist"": 18, ""opposition politician"": 4, ""human rights lawyer"": 2, ""academic"": 5}"
https://cfj.org/reports/fairness-report-kazakhstan-v-duman-mukhammedkarim/,Fairness Report: Kazakhstan v. Duman Mukhammedkarim,F,Kazakhstan,Central Asia,extremism or terrorism,online post; journalism; protest or assembly,journalist; human rights defender or activist,"{""defamation or insult"": 1, ""incitement or public order"": 22, ""false information"": 0, ""extremism or terrorism"": 170, ""sedition or national security"": 3, ""religion or blasphemy"": 2, ""online post"": 23, ""journalism"": 68, ""protest or assembly"": 28, ""art or satire"": 2, ""journalist"": 60, ""human rights defender or activist"": 15, ""opposition politician"": 12, ""human rights lawyer"": 0, ""academic"": 0}"
https://cfj.org/reports/fairness-report-marat-zhylanbaev/,Fairness Report: Marat Zhylanbaev,F,Kazakhstan,Central Asia,extremism or terrorism,online post; protest or assembly,journalist; human rights defender or activist; opposition politician; academic,"{""defamation or insult"": 4, ""incitement or public order"": 18, ""false information"": 1, ""extremism or terrorism"": 156, ""sedition or national security"": 8, ""religion or blasphemy"": 0, ""online post"": 31, ""journalism"": 7, ""protest or assembly"": 49, ""art or satire"": 2, ""journalist"": 5, ""human rights defender or activist"": 11, ""opposition politician"": 4, ""human rights lawyer"": 0, ""academic"": 5}"
https://cfj.org/reports/thailand-v-katanyu-muenkhamruang-pan/,"Thailand v. Katanyu Muenkhamruang ""Pan""",D,Thailand,Southeast Asia,defamation or insult; incitement or public order; sedition or national security,online post; protest or assembly,human rights defender or activist,"{""defamation or insult"": 12, ""incitement or public order"": 16, ""false information"": 0, ""extremism or terrorism"": 4, ""sedition or national security"": 32, ""religion or blasphemy"": 0, ""online post"": 75, ""journalism"": 5, ""protest or assembly"": 75, ""art or satire"": 0, ""journalist"": 2, ""human rights defender or activist"": 7, ""opposition politician"": 1, ""human rights lawyer"": 0, ""academic"": 0}"
https://cfj.org/reports/fairness-report-kazakhstan-v-nazym-tabyldieva/,Fairness Report: Kazakhstan v. Nazym Tabyldieva,F,Kazakhstan,Central Asia,defamation or insult; incitement or public order; false information; extremism or terrorism,online post,journalist; human rights defender or activist; opposition politician,"{""defamation or insult"": 75, ""incitement or public order"": 22, ""false information"": 52, ""extremism or terrorism"": 19, ""sedition or national security"": 10, ""religion or blasphemy"": 0, ""online post"": 119, ""journalism"": 24, ""protest or assembly"": 21, ""art or satire"": 9, ""journalist"": 21, ""human rights defender or activist"": 21, ""opposition politician"": 10, ""human rights lawyer"": 0, ""academic"": 0}"
https://cfj.org/reports/cambodia-v-thach-setha/,Cambodia v. Thach Setha,D,Cambodia,Southeast Asia,incitement or public order,online post; journalism; protest or assembly,human rights defender or activist; opposition politician,"{""defamation or insult"": 8, ""incitement or public order"": 184, ""false information"": 1, ""extremism or terrorism"": 0, ""sedition or national security"": 10, ""religion or blasphemy"": 3, ""online post"": 24, ""journalism"": 7, ""protest or assembly"": 7, ""art or satire"": 0, ""journalist"": 5, ""human rights defender or activist"": 13, ""opposition politician"": 33, ""human rights lawyer"": 0, ""academic"": 0}"
https://cfj.org/reports/fairness-report-abzas-media/,CFJ Fairness Report: Abzas Media,F,Azerbaijan,Europe and Caucasus,extremism or terrorism,journalism,journalist,"{""defamation or insult"": 0, ""incitement or public order"": 0, ""false information"": 1, ""extremism or terrorism"": 7, ""sedition or national security"": 2, ""religion or blasphemy"": 0, ""online post"": 3, ""journalism"": 77, ""protest or assembly"": 12, ""art or satire"": 2, ""journalist"": 54, ""human rights defender or activist"": 8, ""opposition politician"": 1, ""human rights lawyer"": 1, ""academic"": 3}"
