report_url,case,grade,defendants,conviction_sentence,conviction_sentence_sentence,conviction_sentence_page,conviction_sentence_quantities,conviction_sentence_source_url,pretrial_detention,pretrial_detention_sentence,pretrial_detention_page,pretrial_detention_quantities,pretrial_detention_source_url,mistreatment,mistreatment_sentence,mistreatment_page,mistreatment_quantities,mistreatment_source_url,reputational_harm,reputational_harm_sentence,reputational_harm_page,reputational_harm_quantities,reputational_harm_source_url,other_restrictions,other_restrictions_sentence,other_restrictions_page,other_restrictions_quantities,other_restrictions_source_url,prolonged_proceedings,prolonged_proceedings_sentence,prolonged_proceedings_page,prolonged_proceedings_quantities,prolonged_proceedings_source_url,verified_by,notes
https://cfj.org/reports/15-post-election-trials-a-window-into-courts-in-belarus/,15 Post-Election Trials: A Window into Courts in Belarus,D,,no,,,,,no,,,,,no,,,,,no,,,,,no,,,,,no,,,,,,
https://cfj.org/reports/belarus-v-katsiaryna-andreyeva-and-daria-chultsova/,Belarus v. Katsiaryna Andreyeva and Daria Chultsova,D,Katsiaryna Andreyeva; Daria Chultsova,no,,,,,yes,"According to Ms. Andreyeva, the authorities failed to inform her of the reasons for her arrest at the time she was taken into custody.",45,,https://cfj.org/wp-content/uploads/2023/07/belarus-journalists.pdf#page=45,no,,,,,no,,,,,no,,,,,no,,,,,,
https://cfj.org/reports/cambodia-v-kak-sovannchhay/,Cambodia v. Kak Sovannchhay,D,Kak Sovannchhay,no,,,,,no,,,,,no,,,,,no,,,,,no,,,,,no,,,,,,
https://cfj.org/reports/cambodia-v-kong-raiya/,Cambodia v. Kong Raiya,D,Kong Raiya,yes,"Mr. Raiya appears to have been tried, convicted, and sentenced merely for engaging in non-violent political speech.",3,,https://cfj.org/wp-content/uploads/2023/07/fair_trial_report_cambodia_kong_raiya.pdf#page=3,yes,"On July 24, 2019, two weeks after Mr. Raiya’s initial arrest, the Phnom Penh Municipal Court of First Instance (Municipal Court) denied Mr. Raiya’s bail application and imposed pretrial detention.",4,,https://cfj.org/wp-content/uploads/2023/07/fair_trial_report_cambodia_kong_raiya.pdf#page=4,yes,Mr. Raiya was detained in conditions that give rise to concerns about inhuman treatment and was deprived of the presumption of innocence.,16,,https://cfj.org/wp-content/uploads/2023/07/fair_trial_report_cambodia_kong_raiya.pdf#page=16,no,,,,,no,,,,,no,,,,,,
https://cfj.org/reports/cambodia-v-ros-sokhet/,Cambodia v. Ros Sokhet,D,Ros Sokhet,yes,"Mr. Sokhet was criminally prosecuted, convicted, and sentenced for non-violent political speech, violating his right to freedom of expression.",3,,https://cfj.org/wp-content/uploads/2023/07/fair_trial_report_cambodia_ros_sokhet.pdf#page=3,yes,Mr. Sokhet was interrogated on June 26 and transferred to pre-trial detention at Prey Sar Prison thereafter.,3,,https://cfj.org/wp-content/uploads/2023/07/fair_trial_report_cambodia_ros_sokhet.pdf#page=3,no,,,,,no,,,,,yes,"On June 24, 2020, Mr. Sokhet posted on his Facebook page on behalf of Khmer Nation, criticizing Prime Minister Hun Sen for promoting his son as his successor and for allegedly ordering the confiscation of property of Cambodians struggling to pay back bank loans.",12,,https://cfj.org/wp-content/uploads/2023/07/fair_trial_report_cambodia_ros_sokhet.pdf#page=12,no,,,,,,
https://cfj.org/reports/cambodia-v-theary-seng-september-2022/,Cambodia v. Theary Seng (September 2022),F,Theary Seng,yes,"On June 14, 2022, the court announced its judgment: Ms. Seng and her co-defendants were all convicted of treason under Article 453 and conspiracy to incite social disorder under Articles 494 and 495 of the Cambodian Criminal Code. 129 Ms. Seng was sentenced to six years imprisonment. 130 The court’s oral announcement contained no explanation as to why it found Ms. Seng guilty.",23,six years,https://cfj.org/wp-content/uploads/2023/07/Cambodia-v.-Theary-Seng-September-2022.pdf#page=23,yes,"On January 4, 2022, Ms. Seng was walking to the courthouse wearing a “prison-style orange outfit and Khmer Rouge-era ankle shackles” (which one news outlet noted was likely a reference to “both the repression of the Pol Pot period and to current Prime Minister Hun Sen’s past as a mid-level Khmer Rouge commander”) when she was briefly detained",16,,https://cfj.org/wp-content/uploads/2023/07/Cambodia-v.-Theary-Seng-September-2022.pdf#page=16,no,,,,,no,,,,,no,,,,,yes,"Indeed, the presiding trial judge and prosecution began questioning her on December 28, 2021 – before she had received the casefile, which she noted in court. 148 This lengthy delay in informing Ms. Seng of the “cause” of the charges against her was a violation of her right to be informed of the charges against her, as provided by Article 14(3)(a) of the ICCPR.",28,,https://cfj.org/wp-content/uploads/2023/07/Cambodia-v.-Theary-Seng-September-2022.pdf#page=28,,
https://cfj.org/reports/cambodia-vs-uon-chhin-and-yeang-sothearin/,Cambodia vs. Uon Chhin and Yeang Sothearin,D,Uon Chhin; Yeang Sothearin,no,,,,,yes,"Following their arrests, Mr. Chhin and Mr. Sothearin spent approximately 9 months in pretrial detention.",4,9 months,https://cfj.org/wp-content/uploads/2023/07/fairnessreport_cambodia_uc_ys.pdf#page=4,yes,Mr. Chhin and Mr. Sothearin were arrested without being informed of the rationale; were detained without bail despite a lack of justification; were denied access to counsel in the initial stage of their detention; and suffered inhuman conditions in detention that seriously affected their health.,12,,https://cfj.org/wp-content/uploads/2023/07/fairnessreport_cambodia_uc_ys.pdf#page=12,no,,,,,no,,,,,no,,,,,,
https://cfj.org/reports/el-salvador-the-case-against-diana/,El Salvador: The Case Against Diana,C,Diana,no,,,,,yes,"The authorities arbitrarily detained Diana, prevented her from challenging her detention in person, hindered her communications with counsel, and undermined her ability to prepare her defense.",3,,https://cfj.org/wp-content/uploads/2023/07/el_salvador_case_against_diana.pdf#page=3,yes,"Finally, Diana was subjected to conditions that violated the ban on cruel, inhuman, and degrading treatment as well as the right to humane treatment, including the denial of adequate medical care and shocking mismanagement of her mental health.",3,,https://cfj.org/wp-content/uploads/2023/07/el_salvador_case_against_diana.pdf#page=3,no,,,,,no,,,,,no,,,,,,
https://cfj.org/reports/final-report-the-case-of-paul-rusesabagina/,Final Report: The Case of Paul Rusesabagina,D,Paul Rusesabagina,no,,,,,yes,"For instance, Mr. Rusesabagina alleged several times prior to trial—including in a signed affidavit filed with the Court before his withdrawal from the proceedings—that he had been detained incommunicado upon his arrival in Rwanda and ‘tied at the legs, face and hands.’",5,,https://cfj.org/wp-content/uploads/2023/07/Paul-Rusesabagina-_Fairness-Report-April-2022.pdf#page=5,yes,It did not investigate allegations that Mr. Rusesabagina’s ‘admissions’ had been extracted by torture or maltreatment.,3,,https://cfj.org/wp-content/uploads/2023/07/Paul-Rusesabagina-_Fairness-Report-April-2022.pdf#page=3,no,,,,,yes,The Court concluded that Mr. Rusesabagina lacked adequate facilities to prepare for trial and that case documents had been inappropriately confiscated.,10,,https://cfj.org/wp-content/uploads/2023/07/Paul-Rusesabagina-_Fairness-Report-April-2022.pdf#page=10,no,,,,,,
https://cfj.org/reports/government-of-thailand-chaiwat-limlikhitaksorn-v-wuth-boonlert-samak-donnapee/,Government of Thailand & Chaiwat Limlikhitaksorn v. Wuth Boonlert & Samak Donnapee,C,Wuth Boonlert; Samak Donnapee,no,,,,,no,,,,,yes,"In 2016, staff at Cross Cultural Foundation (a non-profit organization that provided legal representation for Wuth Boonlert in the present case) were charged with criminal defamation for publishing a report online concerning allegations of torture committed by Thai military officials—a report partly funded by the United Nations Voluntary Fund for Victims of Torture.",6,,https://cfj.org/wp-content/uploads/2023/07/Fairness-Report-on-the-Trials-of-Wut-Boonlert-and-Samak-Donnapee-in-Thailand.pdf#page=6,no,,,,,no,,,,,no,,,,,,
https://cfj.org/reports/hong-kong-special-administrative-region-v-bao-choy-yuk-ling/,Hong Kong Special Administrative Region v. Bao Choy Yuk-ling,C,Bao Choy Yuk-ling,yes,"On April 22, 2021, the Court convicted Bao Choy of making false statements in violation of the Road Traffic Ordinance and sentenced her to pay a fine of HK $6,000 (3,000 for the two times she used the database, approximately USD $775 in total).",18,"$6,000",https://cfj.org/wp-content/uploads/2023/07/Bao-Choy_July-2021_Fairness-Report-1.pdf#page=18,no,,,,,no,,,,,no,,,,,yes,"On April 22, 2021, the Court convicted Bao Choy of making false statements in violation of the Road Traffic Ordinance and sentenced her to pay a fine of HK $6,000 (3,000 for the two times she used the database, approximately USD $775 in total).",18,"$6,000",https://cfj.org/wp-content/uploads/2023/07/Bao-Choy_July-2021_Fairness-Report-1.pdf#page=18,no,,,,,,
https://cfj.org/reports/hong-kong-special-administrative-region-v-tam-tak-chi/,Hong Kong Special Administrative Region v. Tam Tak-chi,D,Tam Tak-chi,yes,"The Court also convicted Tam Tak-chi of violations of Hong Kong’s Public Order Ordinance for organising an unauthorised assembly, inciting others to join it, and disobeying a police order to disperse.",3,,https://cfj.org/wp-content/uploads/2023/07/Tam-Tak-Chi-Fairness-Report-May-2022.pdf#page=3,no,,,,,no,,,,,no,,,,,yes,"The Court also issued a sentence of one-and-a-half years (3 months to be served consecutively) to Tam Tak-chi for holding or convening an unauthorised assembly in May 2020, in addition to a further one month for disorderly conduct and a fine for disobeying a police order, in violation of the Public Order Ordinance (POO).",4,one month,https://cfj.org/wp-content/uploads/2023/07/Tam-Tak-Chi-Fairness-Report-May-2022.pdf#page=4,no,,,,,,
https://cfj.org/reports/hong-kong-special-administrative-region-v-tong-ying-kit/,Hong Kong Special Administrative Region v. Tong Ying-kit,D,Tong Ying-kit,yes,"These violations resulted in a guilty verdict and significant sentence for the defendant in this case, Tong Ying-kit, now sentenced to nine years in prison.",3,nine years,https://cfj.org/wp-content/uploads/2023/07/Tong-Ying-kit-Fairness-Report-December-2021.pdf#page=3,yes,"Held in detention and denied bail under the new strict bail standard from July 6, 2020 until his trial in June 2021, Tong Ying-kit was denied a jury and tried by a panel of three national security judges, appointed by the Chief Executive of Hong Kong, in a 15-day trial.",3,,https://cfj.org/wp-content/uploads/2023/07/Tong-Ying-kit-Fairness-Report-December-2021.pdf#page=3,no,,,,,no,,,,,no,,,,,no,,,,,,
https://cfj.org/reports/indonesia-vs-suzethe-margaret/,Indonesia vs. Suzethe Margaret,C,Suzethe Margaret,no,,,,,yes,"On July 1, 2019, the police ordered that Ms. Margaret be detained pending trial but immediately suspended the order (a procedure called pembantaran penahanan), referring Ms. Margaret to the Indonesian National Police (Polri) Hospital for observation.",4,,https://cfj.org/wp-content/uploads/2023/07/Indonesia-vs.-Suzethe-Margaret-Fairness-Report.pdf#page=4,no,,,,,no,,,,,no,,,,,no,,,,,,
https://cfj.org/reports/kazakhstan-v-aigul-utepova/,Kazakhstan v. Aigul Utepova,D,Aigul Utepova,no,,,,,no,,,,,no,,,,,no,,,,,no,,,,,no,,,,,,
https://cfj.org/reports/kazakhstan-v-alnur-ilyashev/,Kazakhstan v. Alnur Ilyashev,D,Alnur Ilyashev,no,,,,,no,,,,,no,,,,,no,,,,,no,,,,,no,,,,,,
https://cfj.org/reports/kazakhstan-v-askhat-zheksebaev-et-al/,Kazakhstan v. Askhat Zheksebaev et al.,D,Askhat Zheksebaev,yes,"Nonetheless, Mr. Zheksebaev was convicted and sentenced to jail in a trial marred by severe irregularities, which included the court barring the defense from questioning key prosecution witnesses.",3,,https://cfj.org/wp-content/uploads/2023/07/EN-Zheksebaev-Fairness-Report_November-2022.pdf#page=3,yes,"Mr. Zheksebaev is an activist who has repeatedly been arrested and detained for administrative offenses based on his participation in peaceful rallies, campaigns, and pickets.",4,,https://cfj.org/wp-content/uploads/2023/07/EN-Zheksebaev-Fairness-Report_November-2022.pdf#page=4,no,,,,,no,,,,,yes,"On February 15, 2019, after he participated in a protest, Mr. Zheksebaev was convicted and fined by a court in Almaty under Article 443 of the Code of Administrative Offenses of the Republic of Kazakhstan (“Administrative Code”), which penalizes insubordination against a law enforcement officer.",17,,https://cfj.org/wp-content/uploads/2023/07/EN-Zheksebaev-Fairness-Report_November-2022.pdf#page=17,no,,,,,,
https://cfj.org/reports/malaysia-v-malaysiakini-and-steven-gan/,Malaysia v. Malaysiakini and Steven Gan,D,Malaysiakini; Steven Gan,yes,"On February 19, 2021, Malaysiakini was convicted of contempt and fined and Gan was acquitted.",3,,https://cfj.org/wp-content/uploads/2023/07/Malaysiakini-and-Steven-Gan_October-2021_Malaysia_Fairness-Report.pdf#page=3,yes,"In May 2021, two Malaysiakini journalists were summoned by the police for questioning as part of an investigation into a series of articles covering allegations that a detainee had died due to mistreatment in custody.",16,,https://cfj.org/wp-content/uploads/2023/07/Malaysiakini-and-Steven-Gan_October-2021_Malaysia_Fairness-Report.pdf#page=16,yes,"In May 2021, two Malaysiakini journalists were summoned by the police for questioning as part of an investigation into a series of articles covering allegations that a detainee had died due to mistreatment in custody.",16,,https://cfj.org/wp-content/uploads/2023/07/Malaysiakini-and-Steven-Gan_October-2021_Malaysia_Fairness-Report.pdf#page=16,yes,The threat posed by the Delfi comments to the shareholder’s reputation and safety was much graver than that posed to the judiciary as the result of the Malaysiakini comments.,36,,https://cfj.org/wp-content/uploads/2023/07/Malaysiakini-and-Steven-Gan_October-2021_Malaysia_Fairness-Report.pdf#page=36,yes,"On February 19, 2021, Malaysiakini was convicted of contempt and fined and Gan was acquitted.",3,,https://cfj.org/wp-content/uploads/2023/07/Malaysiakini-and-Steven-Gan_October-2021_Malaysia_Fairness-Report.pdf#page=3,no,,,,,,
https://cfj.org/reports/mexico-v-kenia-hernandez/,Mexico v. Kenia Hernandez,D,Kenia Hernandez,no,,,,,no,,,,,no,,,,,no,,,,,no,,,,,no,,,,,,
https://cfj.org/reports/morocco-v-omar-radi/,Morocco v. Omar Radi,D,Omar Radi,yes,"On March 17, Mr. Radi was found guilty and sentenced to a four-month suspended sentence and 500 Dirham fine.",11,four-month,https://cfj.org/wp-content/uploads/2023/07/Fairness-Report-on-the-Trial-of-Omar-Radi-in-Morocco.pdf#page=11,yes,"A hearing was then held at 6 p.m. in front of the presiding judge,47 following which Mr. Radi was charged with insulting the judiciary under Article 263 of Morocco’s Penal Code48 and sent to pre-trial detention.",11,,https://cfj.org/wp-content/uploads/2023/07/Fairness-Report-on-the-Trial-of-Omar-Radi-in-Morocco.pdf#page=11,no,,,,,no,,,,,no,,,,,no,,,,,,
https://cfj.org/reports/morocco-v-omar-radi-ii/,Morocco v. Omar Radi II,D,Omar Radi,yes,"More recently, in March 2020, Mr. Radi was convicted of insulting the Moroccan judiciary and given a suspended sentence due to a tweet in which he criticized a judicial decision upholding harsh sentences for protesters involved in the 2016 Hirak Rif movement.",4,,https://cfj.org/wp-content/uploads/2023/07/Omar-Radi-Fairness-Report-July-2022.pdf#page=4,yes,"While in detention, Mr. Radi suffered from serious medical issues including diarrhea, vomiting, and weight loss.",4,,https://cfj.org/wp-content/uploads/2023/07/Omar-Radi-Fairness-Report-July-2022.pdf#page=4,yes,"Ultimately, on July 29, 2020, the government arrested Mr. Radi and charged him with four crimes: undermining the internal security of the State; undermining the external security of the State; indecent assault; and, rape.",5,,https://cfj.org/wp-content/uploads/2023/07/Omar-Radi-Fairness-Report-July-2022.pdf#page=5,yes,"From the start of the investigation, Mr. Radi’s presumption of innocence was compromised as government-affiliated media outlets launched a smear campaign against him.",4,,https://cfj.org/wp-content/uploads/2023/07/Omar-Radi-Fairness-Report-July-2022.pdf#page=4,no,,,,,no,,,,,,
https://cfj.org/reports/nigeria-v-eromosele-adene-and-nicholas-mbah/,Nigeria v. Eromosele Adene and Nicholas Mbah,D,Eromosele Adene; Nicholas Mbah,no,,,,,no,,,,,no,,,,,no,,,,,no,,,,,no,,,,,,
https://cfj.org/reports/poland-vs-elzbieta-podlesna-anna-prus-and-joanna-gzyra-iskandar/,"Poland vs. Elzbieta Podlesna, Anna Prus, and Joanna Gzyra-Iskandar",D,Elzbieta Podlesna; Anna Prus; Joanna Gzyra-Iskandar,no,,,,,no,,,,,no,,,,,no,,,,,no,,,,,no,,,,,,
https://cfj.org/reports/russia-vs-aleksey-navalny/,Russia vs. Aleksey Navalny,F,Aleksey Navalny,yes,Just weeks after returning to Russia from Germany—where he had been recuperating from having been poisoned—Russian opposition leader Aleksey Navalny was tried and convicted of slander.,3,,https://cfj.org/wp-content/uploads/2023/07/Eng-Navalny-Fairness-Report-Apr-7-2022-Final.pdf#page=3,yes,The trial was heard in the detention facility in the Vladimir region where Mr. Navalny is currently imprisoned based on his alleged failure to meet his parole conditions in the Yves Rocher case described above.,21,,https://cfj.org/wp-content/uploads/2023/07/Eng-Navalny-Fairness-Report-Apr-7-2022-Final.pdf#page=21,no,,,,,no,,,,,yes,"During the pendency of the trial, the same prosecutor who was pursuing the slander case was urging a different court to find that Mr. Navalny had violated the terms of his probation under a 2014 conviction for allegedly overcharging a subsidiary of the French company Yves Rocher.",4,,https://cfj.org/wp-content/uploads/2023/07/Eng-Navalny-Fairness-Report-Apr-7-2022-Final.pdf#page=4,no,,,,,,
https://cfj.org/reports/russian-federation-v-mikhail-benyash/,Russian Federation v. Mikhail Benyash,D,Mikhail Benyash,yes,Mr. Benyash was quickly convicted of two administrative offenses (organizing an unauthorized protest and disobeying police orders) in proceedings riddled,3,,https://cfj.org/wp-content/uploads/2023/07/FAIRNESS-REPORT-ON-THE-TRIAL-OF-MIKHAIL-BENYASH-IN-RUSSIA.pdf#page=3,yes,Mr. Benyash was detained by plainclothes officers on the basis of allegations that he organized an unauthorized protest.,3,,https://cfj.org/wp-content/uploads/2023/07/FAIRNESS-REPORT-ON-THE-TRIAL-OF-MIKHAIL-BENYASH-IN-RUSSIA.pdf#page=3,yes,"The evidence, however, suggested that it was in fact Mr. Benyash who had been assaulted by the police.",3,,https://cfj.org/wp-content/uploads/2023/07/FAIRNESS-REPORT-ON-THE-TRIAL-OF-MIKHAIL-BENYASH-IN-RUSSIA.pdf#page=3,no,,,,,yes,"If the conviction is upheld, Mr. Benyash will be barred from the practice of law under the applicable Russian legislation.",27,,https://cfj.org/wp-content/uploads/2023/07/FAIRNESS-REPORT-ON-THE-TRIAL-OF-MIKHAIL-BENYASH-IN-RUSSIA.pdf#page=27,no,,,,,,
https://cfj.org/reports/russian-federation-vs-anastasia-shevchenko/,Russian Federation vs. Anastasia Shevchenko,D,Anastasia Shevchenko,no,,,,,no,,,,,no,,,,,no,,,,,no,,,,,no,,,,,,
https://cfj.org/reports/russian-federation-vs-svetlana-prokopyeva/,Russian Federation vs. Svetlana Prokopyeva,D,Svetlana Prokopyeva,yes,"Covington & Burling LLP assigned this trial a grade of D: On July 6, 2020, a Russian military court convicted Svetlana Prokopyeva, a journalist, of “justifying terrorism” for a radio broadcast that commented critically on Russia’s repressive political climate and its effect on a teenager who detonated a bomb at a local office of Russia’s Federal Security Service in the city of Arkhangelsk.",3,,https://cfj.org/wp-content/uploads/2023/07/Svetlana-Prokopyeva-February-2021.pdf#page=3,no,,,,,no,,,,,no,,,,,yes,"On July 6, 2020, the court found Ms. Prokopyeva guilty39 and imposed a fine of 500,000 rubles (approximately US $6,950).",8,"$6,950",https://cfj.org/wp-content/uploads/2023/07/Svetlana-Prokopyeva-February-2021.pdf#page=8,no,,,,,,
https://cfj.org/reports/socialist-republic-of-vietnam-v-pham-thi-doan-trang/,Socialist Republic of Vietnam v. Pham Thi Doan Trang,F,Pham Thi Doan Trang,yes,"After a one-day trial on December 14, 2021, Ms. Trang was convicted and sentenced to nine years in prison—more than the seven to eight years recommended by the prosecuting authorities.",4,nine years,https://cfj.org/wp-content/uploads/2023/07/ENG-Pham-Doan-Trang-Fairness-Report-April-2022.pdf#page=4,yes,"With respect to procedure, Ms. Trang was detained without access to a lawyer for over a year in the leadup to her trial, ostensibly to allow the investigation to proceed, but the evidence consisted largely of publicly-available materials (some dating back several years) and much of it had apparently been compiled even before her arrest in 2020.",3,,https://cfj.org/wp-content/uploads/2023/07/ENG-Pham-Doan-Trang-Fairness-Report-April-2022.pdf#page=3,yes,"According to her attorney, Ms. Trang had repeatedly requested and been denied medical treatment while in detention even as she lost significant weight, was bleeding, and had other medical concerns.",20,,https://cfj.org/wp-content/uploads/2023/07/ENG-Pham-Doan-Trang-Fairness-Report-April-2022.pdf#page=20,no,,,,,no,,,,,yes,"Indeed, a careful review of the indictment, which was filed about ten months after her arrest, suggests that the long delay in bringing Ms. Trang’s case to trial was not justified by the complexity of the charges against her.",3,,https://cfj.org/wp-content/uploads/2023/07/ENG-Pham-Doan-Trang-Fairness-Report-April-2022.pdf#page=3,,
https://cfj.org/reports/thailand-v-does-1-5-of-the-organization-for-thai-federation/,Thailand v. Does 1-5 of the Organization for Thai Federation,D,Organization for Thai Federation,no,,,,,no,,,,,no,,,,,no,,,,,no,,,,,no,,,,,,
https://cfj.org/reports/the-trial-of-the-peacock-generation-troupe-myanmar/,The Trial of the Peacock Generation Troupe: Myanmar,D,Peacock Generation,no,,,,,yes,INVESTIGATION AND PRETRIAL STAGE VIOLATIONS Arbitrary Detention and Violation of the Presumption of Innocence The pretrial detention of the Peacock Generation troupe was arbitrary.,14,,https://cfj.org/wp-content/uploads/2023/07/Fairness-Report-on-the-Trial-of-the-Peacock-Troupe.pdf#page=14,no,,,,,no,,,,,no,,,,,no,,,,,,
https://cfj.org/reports/trial-monitoring-of-people-v-cansu-piskin/,Trial Monitoring of People v. Cansu Pişkin,D,Cansu Pişkin,no,,,,,no,,,,,no,,,,,no,,,,,no,,,,,no,,,,,,
https://cfj.org/reports/trial-monitoring-of-proceedings-against-ahmed-manseri/,Trial Monitoring of Proceedings against Ahmed Manseri,D,Ahmed Manseri,no,,,,,yes,"The alleged assault occurred in mid-2016, when Mr. Manseri was detained by the police in apparent retaliation for his work as a human rights activist.",4,,https://cfj.org/wp-content/uploads/2023/07/fair-trial-report-algeria-ahmed-manseri.pdf#page=4,yes,"In the present case, Mr. Manseri was charged with criminal defamation after filing a complaint against the head of the Tiaret police for assault.",4,,https://cfj.org/wp-content/uploads/2023/07/fair-trial-report-algeria-ahmed-manseri.pdf#page=4,no,,,,,no,,,,,no,,,,,,
https://cfj.org/reports/tunisia-vs-emna-chargui/,Tunisia vs. Emna Chargui,D,Emna Chargui,yes,"In the present case, Ms. Chargui was prosecuted and convicted under Articles 52 and 53 of Decree 115 of 2011 – which are incompatible with the legality principle on their face – for conduct that did not constitute a criminal offense under those provisions at the time it was committed (or otherwise).",22,,https://cfj.org/wp-content/uploads/2023/07/Emna-Chargui_June-2021_Fairness-Report.pdf#page=22,no,,,,,yes,"As Ms. Chargui has explained, she shared the poem with her friends on Facebook for “fun and entertainment” but deleted it the same day after receiving comments from other Facebook users insulting her and threatening to violently assault and kill her.",11,,https://cfj.org/wp-content/uploads/2023/07/Emna-Chargui_June-2021_Fairness-Report.pdf#page=11,no,,,,,yes,"While Ms. Chargui remained at liberty during the pre-trial stage and was represented by defense counsel, her lawyer was prohibited from attending her pre-trial interrogation by",3,,https://cfj.org/wp-content/uploads/2023/07/Emna-Chargui_June-2021_Fairness-Report.pdf#page=3,no,,,,,,
https://cfj.org/reports/turkey-v-veysel-ok/,Turkey v. Veysel Ok,D,Veysel Ok,no,,,,,no,,,,,no,,,,,no,,,,,no,,,,,no,,,,,,
https://cfj.org/reports/turkey-vs-ahmet-tuna-altinel/,Turkey vs. Ahmet Tuna Altınel,C,Ahmet Tuna Altınel,no,,,,,yes,"On May 11, 2019, after being interrogated, Mr. Altınel was arrested and detained on suspicion of propaganda for a terrorist organization.",9,,https://cfj.org/wp-content/uploads/2023/07/Fairness-Report-on-the-Trial-of-Tuna-Altinel-in-Turkey.pdf#page=9,no,,,,,no,,,,,yes,"Upon returning to Turkey to visit family, Mr. Altınel’s passport was seized; on May 10, 2019 when he inquired into its return, Mr. Altınel was arrested based on an order from the Balıkesir 1st Justice of Peace.",9,,https://cfj.org/wp-content/uploads/2023/07/Fairness-Report-on-the-Trial-of-Tuna-Altinel-in-Turkey.pdf#page=9,no,,,,,,
https://cfj.org/reports/uganda-v-moses-bwayo/,Uganda v. Moses Bwayo,C,Moses Bwayo,no,,,,,yes,"In the present case, Mr. Bwayo was detained for two days without access to counsel - from February 24 to February 26 - before being released on bond.",16,two days,https://cfj.org/wp-content/uploads/2023/07/fair_trial_report_uganda_moses_bwayo.pdf#page=16,no,,,,,no,,,,,no,,,,,no,,,,,,
https://cfj.org/reports/uganda-v-stella-nyanzi/,Uganda v. Stella Nyanzi,D,Stella Nyanzi,yes,"Namely, Dr. Nyanzi was prosecuted and sentenced to prison for exercising her right to freedom of expression.",3,,https://cfj.org/wp-content/uploads/2023/07/fairnessreport-uganda-stella-nyanzi.pdf#page=3,yes,"At the pretrial stage, proceedings were generally compliant with due process rights, excepting that the authorities reportedly detained Dr. Nyanzi for approximately four days before bringing her before a court for assessment of the legitimacy of her detention.",3,four days,https://cfj.org/wp-content/uploads/2023/07/fairnessreport-uganda-stella-nyanzi.pdf#page=3,no,,,,,no,,,,,no,,,,,no,,,,,,
https://cfj.org/reports/venezuela-v-vannesa-rosales/,Venezuela v. Vannesa Rosales,D,Vannesa Rosales,yes,Ms. Rosales was released from house arrest and sentenced to community service. 86,15,,https://cfj.org/wp-content/uploads/2023/07/vannesa-rosales-report-english.pdf#page=15,yes,"Ms. Rosales spent three months in pretrial detention and – only after a public advocacy campaign put pressure on authorities – was then released to house arrest, where she remained for nearly seven months until the first hearing in her case on July 21, 2021.",3,three months,https://cfj.org/wp-content/uploads/2023/07/vannesa-rosales-report-english.pdf#page=3,no,,,,,no,,,,,yes,"Ms. Rosales spent three months in pretrial detention and – only after a public advocacy campaign put pressure on authorities – was then released to house arrest, where she remained for nearly seven months until the first hearing in her case on July 21, 2021.",3,seven months,https://cfj.org/wp-content/uploads/2023/07/vannesa-rosales-report-english.pdf#page=3,yes,"These include due process violations, delays in the case, the judge’s reference to items associated with Ms. Rosales’s advocacy work in the judicial reasoning on the requalification of charges and pretrial detention, and the judge’s unjustified decision to add new charges and severe penalty enhancements, including under laws aimed at combating organized crime.",4,,https://cfj.org/wp-content/uploads/2023/07/vannesa-rosales-report-english.pdf#page=4,,
https://cfj.org/reports/russian-federation-vs-alexander-pichugin/,Russian Federation vs. Alexander Pichugin,D,Alexander Pichugin,yes,"On November 11, 2020, the Bogorodsk City Court found Mr. Pichugin guilty and sentenced him to a fine of 300,000 rubles.",3,,https://cfj.org/wp-content/uploads/2023/06/ENG-Pichugin-Fairness-Report-April-2022.pdf#page=3,no,,,,,no,,,,,no,,,,,yes,"On November 11, 2020, the Bogorodsk City Court found Mr. Pichugin guilty and sentenced him to a fine of 300,000 rubles.",3,,https://cfj.org/wp-content/uploads/2023/06/ENG-Pichugin-Fairness-Report-April-2022.pdf#page=3,no,,,,,,
https://cfj.org/reports/pakistan-v-mir-shakeel-ur-rehman/,Pakistan v. Mir Shakeel-ur-Rehman,D,Mir Shakeel-ur-Rehman,no,,,,,no,,,,,no,,,,,no,,,,,no,,,,,no,,,,,,
https://cfj.org/reports/russia-v-nariman-dzhelyal/,Russia v. Nariman Dzhelyal,F,Nariman Dzhelyal,no,,,,,no,,,,,no,,,,,no,,,,,no,,,,,no,,,,,,
https://cfj.org/reports/fairness-report-kazakhstan-v-duman-mukhammedkarim/,Fairness Report: Kazakhstan v. Duman Mukhammedkarim,F,Duman Mukhammedkarim,yes,"On this basis, Mr. Mukhammedkarim was prosecuted, convicted, and sentenced to six years’ imprisonment for financing extremist activities in violation of Article 258 of the Kazakh Criminal Code, and to one additional year of imprisonment for participating in the activities of a banned extremist organization in violation of Article 405 of the Criminal Code.",5,six years,https://cfj.org/wp-content/uploads/2025/01/Fairness-Report_Duman-Mukhammedkarim_Kazakhstan-January-2025-Final.pdf#page=5,yes,"The extent of the harm to Mr. Mukhammedkarim is substantial, given his prolonged pre-trial detention, deteriorating health, and the severe limitations on his freedom.",4,,https://cfj.org/wp-content/uploads/2025/01/Fairness-Report_Duman-Mukhammedkarim_Kazakhstan-January-2025-Final.pdf#page=4,no,,,,,yes,At least eighteen witnesses testified in support of Mr. Mukhammedkarim’s character and reputation.,21,,https://cfj.org/wp-content/uploads/2025/01/Fairness-Report_Duman-Mukhammedkarim_Kazakhstan-January-2025-Final.pdf#page=21,yes,The court also denied Mr. Mukhammedkarim’s request for his detention to be converted to house arrest.,20,,https://cfj.org/wp-content/uploads/2025/01/Fairness-Report_Duman-Mukhammedkarim_Kazakhstan-January-2025-Final.pdf#page=20,no,,,,,,
https://cfj.org/reports/fairness-report-marat-zhylanbaev/,Fairness Report: Marat Zhylanbaev,F,Marat Zhylanbaev,yes,"Instead, Mr. Zhylanbaev was prosecuted and convicted for engaging in a political debate with and criticizing the Kazakh authorities by peacefully exercising his rights guaranteed by the International Covenant on Civil and Political Rights, to which Kazakhstan is a party.",5,,https://cfj.org/wp-content/uploads/2025/01/Fairness-Report_Kazakhstan-Marat-Zhylanvaev-January-2025.pdf#page=5,yes,"In June and July 2022, following his application to register Alga, Kazakhstan!, Mr. Zhylanbaev was detained twice by the police for handing out leaflets calling for participation in Alga, Kazakhstan!, and was twice fined 306,000 tenge.",15,,https://cfj.org/wp-content/uploads/2025/01/Fairness-Report_Kazakhstan-Marat-Zhylanvaev-January-2025.pdf#page=15,no,,,,,no,,,,,yes,"In June and July 2022, following his application to register Alga, Kazakhstan!, Mr. Zhylanbaev was detained twice by the police for handing out leaflets calling for participation in Alga, Kazakhstan!, and was twice fined 306,000 tenge.",15,,https://cfj.org/wp-content/uploads/2025/01/Fairness-Report_Kazakhstan-Marat-Zhylanvaev-January-2025.pdf#page=15,no,,,,,,
https://cfj.org/reports/thailand-v-katanyu-muenkhamruang-pan/,"Thailand v. Katanyu Muenkhamruang ""Pan""",D,Katanyu Muenkhamruang Pan,no,,,,,no,,,,,no,,,,,no,,,,,no,,,,,no,,,,,,
https://cfj.org/reports/fairness-report-kazakhstan-v-nazym-tabyldieva/,Fairness Report: Kazakhstan v. Nazym Tabyldieva,F,Nazym Tabyldieva,yes,"On November 10, 2023, the judge found Ms. Tabyldieva guilty as charged and sentenced her to 18 months of house arrest and a 5-year ban on social media activities.",8,18 months; 5-year,https://cfj.org/wp-content/uploads/2025/11/2025.11-Fairness-Report_Kazakhstan-v.-Nazym-Tabyldieva.pdf#page=8,no,,,,,no,,,,,yes,The prosecution also failed to establish that the alleged “victims” suffered negative professional or reputational consequences as a result of Ms. Tabyldieva’s statements.,50,,https://cfj.org/wp-content/uploads/2025/11/2025.11-Fairness-Report_Kazakhstan-v.-Nazym-Tabyldieva.pdf#page=50,yes,"On November 10, 2023, the judge found Ms. Tabyldieva guilty as charged and sentenced her to 18 months of house arrest and a 5-year ban on social media activities.",8,18 months; 5-year,https://cfj.org/wp-content/uploads/2025/11/2025.11-Fairness-Report_Kazakhstan-v.-Nazym-Tabyldieva.pdf#page=8,no,,,,,,
https://cfj.org/reports/cambodia-v-thach-setha/,Cambodia v. Thach Setha,D,Thach Setha,yes,Mr. Setha was ultimately sentenced to prison for 18 months on the forgery charges and three years on the incitement charges and remains incarcerated as of the date of publication. 1,4,18 months,https://cfj.org/wp-content/uploads/2024/10/2024-October-Fairness-Report_Cambodia-Thach-Setha.pdf#page=4,yes,"Mr. Setha was arrested and detained by the government shortly after giving a speech critical of the government, ostensibly in relation to forgery charges.",4,,https://cfj.org/wp-content/uploads/2024/10/2024-October-Fairness-Report_Cambodia-Thach-Setha.pdf#page=4,no,,,,,no,,,,,yes,"The Court sentenced Mr. Setha to prison for 18 months and fined him 3,000,000 riels (approximately USD $733.50).",23,"18 months; 3,000,000 riel; $733.50",https://cfj.org/wp-content/uploads/2024/10/2024-October-Fairness-Report_Cambodia-Thach-Setha.pdf#page=23,no,,,,,,
https://cfj.org/reports/fairness-report-abzas-media/,CFJ Fairness Report: Abzas Media,F,Abzas Media,no,,,,,no,,,,,no,,,,,no,,,,,yes,"Mr. Mehralizadeh also argued that he had been denied the right to access exculpatory evidence, specifically data from his confiscated phone to prove he had never been to the Abzas Media office.",28,,https://cfj.org/wp-content/uploads/2026/07/2026-July-Abzas-Media-Fairness-Report.pdf#page=28,no,,,,,,
