report_url,case,source_type,date,source_title,source_url,good_signals,not_good_signals,sentence
https://cfj.org/reports/belarus-v-katsiaryna-andreyeva-and-daria-chultsova/,Belarus v. Katsiaryna Andreyeva and Daria Chultsova,report,,Belarus v. Katsiaryna Andreyeva and Daria Chultsova,https://cfj.org/reports/belarus-v-katsiaryna-andreyeva-and-daria-chultsova/,,convicted,Chultsova were guilty of organizing group actions that grossly violated public order.
https://cfj.org/reports/belarus-v-katsiaryna-andreyeva-and-daria-chultsova/,Belarus v. Katsiaryna Andreyeva and Daria Chultsova,report,,Belarus v. Katsiaryna Andreyeva and Daria Chultsova,https://cfj.org/reports/belarus-v-katsiaryna-andreyeva-and-daria-chultsova/,,sentenced,"Andreyeva, on the way to the police station the arresting officers threatened her, saying she would be sent “to the zone to sew uniforms for the cops for ten years.”138 She further stated that when they arrived at the police station one officer pushed her in the back while walking and another officer told her she would be sentenced to seven years for extremism.139 Ms."
https://cfj.org/reports/belarus-v-katsiaryna-andreyeva-and-daria-chultsova/,Belarus v. Katsiaryna Andreyeva and Daria Chultsova,report,,Belarus v. Katsiaryna Andreyeva and Daria Chultsova,https://cfj.org/reports/belarus-v-katsiaryna-andreyeva-and-daria-chultsova/,,convicted,"Chultsova both pled not guilty.160 State prosecutor Alina Sergeevna Kasyanchik then called several witnesses.161 The first to testify was Nikolay Nikolaevich Skorina, a resident of an apartment building overlooking the November 15 protest site.162 Mr."
https://cfj.org/reports/belarus-v-katsiaryna-andreyeva-and-daria-chultsova/,Belarus v. Katsiaryna Andreyeva and Daria Chultsova,news,2021-07-01,Court Should Reconsider Closure of Trial of Belarusian Blogger and Activist,https://cfj.org/news/court-should-reconsider-closure-of-trial-of-belarusian-blogger-and-activist/,,convicted; sentenced,"In February 2021, following an unfair trial monitored by TrialWatch, journalists Katsyaryna Andreyeva and Daria Chultsova were convicted of violating public order and sentenced to two years’ imprisonment for live-streaming a protest."
https://cfj.org/reports/belarus-v-katsiaryna-andreyeva-and-daria-chultsova/,Belarus v. Katsiaryna Andreyeva and Daria Chultsova,news,2021-10-27,Belarus’ Attack on Democracy Leaves Everyone at Risk,https://cfj.org/news/belarus-attack-on-democracy-leaves-everyone-at-risk/,,convicted,"REUTERS/Stringer’ alt=”] Katsiaryna Andreyeva and Daria Chultsova, two young journalists working for an independent media outlet, were convicted of ‘organizing group actions that grossly violated public order’ and given two-year prison sentences simply for live coverage of a protest."
https://cfj.org/reports/cambodia-v-kak-sovannchhay/,Cambodia v. Kak Sovannchhay,report,,Cambodia v. Kak Sovannchhay,https://cfj.org/reports/cambodia-v-kak-sovannchhay/,,convicted; sentenced,"On November 1, 2021, Sovannchhay was convicted and sentenced to 8 months in prison."
https://cfj.org/reports/cambodia-v-kak-sovannchhay/,Cambodia v. Kak Sovannchhay,report,,Cambodia v. Kak Sovannchhay,https://cfj.org/reports/cambodia-v-kak-sovannchhay/,,convicted,"Nonetheless, the prosecutor declared that Sovannchhay was not affected by any disability and the court promptly convicted him, wholly ignoring the requirement under the CRC that justice actors prioritize rehabilitation for children who come into conflict with the law."
https://cfj.org/reports/cambodia-v-kak-sovannchhay/,Cambodia v. Kak Sovannchhay,report,,Cambodia v. Kak Sovannchhay,https://cfj.org/reports/cambodia-v-kak-sovannchhay/,charges dropped,,Defense counsel Sokong requested that all charges be dropped and Sovannchhay be released.
https://cfj.org/reports/cambodia-v-kak-sovannchhay/,Cambodia v. Kak Sovannchhay,report,,Cambodia v. Kak Sovannchhay,https://cfj.org/reports/cambodia-v-kak-sovannchhay/,,convicted; sentenced,"On November 1, Sovannchhay was convicted of all charges and sentenced to eight months in prison, with 4.5 months for time served and 3.5 months suspended."
https://cfj.org/reports/cambodia-v-kak-sovannchhay/,Cambodia v. Kak Sovannchhay,news,2022-05-09,"Cambodia Trampled Rights of Autistic Teenager, TrialWatch Report Finds",https://cfj.org/news/cambodia-trampled-rights-of-autistic-teenager-trialwatch-report-finds/,,convicted,"The prosecution said—without any medical evidence—that Kak Sovannchhay was fully rehabilitated, meaning that he was not affected by a disability, and could be tried and convicted."
https://cfj.org/reports/cambodia-v-kak-sovannchhay/,Cambodia v. Kak Sovannchhay,news,2022-05-09,"Cambodia Trampled Rights of Autistic Teenager, TrialWatch Report Finds",https://cfj.org/news/cambodia-trampled-rights-of-autistic-teenager-trialwatch-report-finds/,,convicted; sentenced,"On November 1, 2021, Kak Sovannchhay was convicted of all charges and sentenced to eight months in prison."
https://cfj.org/reports/cambodia-v-kong-raiya/,Cambodia v. Kong Raiya,report,,Cambodia v. Kong Raiya,https://cfj.org/reports/cambodia-v-kong-raiya/,,convicted,"Raiya appears to have been tried, convicted, and sentenced merely for engaging in non-violent political speech."
https://cfj.org/reports/cambodia-v-kong-raiya/,Cambodia v. Kong Raiya,report,,Cambodia v. Kong Raiya,https://cfj.org/reports/cambodia-v-kong-raiya/,,convicted,"Raiya, who spent approximately five months in detention and was criminally convicted, the trial has been assigned a “D” under the grading methodology described in the Annex."
https://cfj.org/reports/cambodia-v-kong-raiya/,Cambodia v. Kong Raiya,report,,Cambodia v. Kong Raiya,https://cfj.org/reports/cambodia-v-kong-raiya/,,convicted,Raiya was prosecuted and convicted for “incitement to disrupt social order.” The case against him stemmed from Facebook posts in which he advertised the sale of t-shirts commemorating a slain critic of the Cambodian government.
https://cfj.org/reports/cambodia-v-kong-raiya/,Cambodia v. Kong Raiya,report,,Cambodia v. Kong Raiya,https://cfj.org/reports/cambodia-v-kong-raiya/,,convicted,"Raiya guilty of violating Articles 494 and 495 and imposed a two-year suspended sentence, with credit for time served."
https://cfj.org/reports/cambodia-v-kong-raiya/,Cambodia v. Kong Raiya,news,2020-06-19,Clooney Foundation for Justice Statement on the Conviction of Kong Raiya in Cambodia,https://cfj.org/news/clooney-foundation-for-justice-statement-on-the-conviction-of-kong-raiya-in-cambodia/,,convicted,"Under these circumstances Kong Raiya should never have been arrested, much less detained, tried, and convicted and CFJ calls on Cambodia to reverse this unjust result."
https://cfj.org/reports/cambodia-v-kong-raiya/,Cambodia v. Kong Raiya,news,2020-06-19,Clooney Foundation for Justice Statement on the Conviction of Kong Raiya in Cambodia,https://cfj.org/news/clooney-foundation-for-justice-statement-on-the-conviction-of-kong-raiya-in-cambodia/,,sentenced,Kong Raiya had previously been sentenced to 18 months’ imprisonment on similar charges.
https://cfj.org/reports/cambodia-v-kong-raiya/,Cambodia v. Kong Raiya,news,2020-11-20,TrialWatch Report Documents Misuse of Cambodia's 'Incitement' Law in Conviction of Activist,https://cfj.org/news/trialwatch-report-documents-misuse-of-cambodias-incitement-law-in-conviction-of-activist/,,convicted,The report concluded that the court convicted Raiya despite lacking any evidence of wrongdoing and violated his right to freedom of expression under the International Covenant on Civil and Political Rights.
https://cfj.org/reports/cambodia-v-kong-raiya/,Cambodia v. Kong Raiya,news,2020-11-20,TrialWatch Report Documents Misuse of Cambodia's 'Incitement' Law in Conviction of Activist,https://cfj.org/news/trialwatch-report-documents-misuse-of-cambodias-incitement-law-in-conviction-of-activist/,,convicted,Raiya appears to have been convicted simply for exercising his basic human right to free expression.” The report also finds that Article 495 is “not precisely drafted or narrowly tailored” and thus violates the International Covenant on Civil and Political Rights.
https://cfj.org/reports/cambodia-v-kong-raiya/,Cambodia v. Kong Raiya,news,2020-11-20,TrialWatch Report Documents Misuse of Cambodia's 'Incitement' Law in Conviction of Activist,https://cfj.org/news/trialwatch-report-documents-misuse-of-cambodias-incitement-law-in-conviction-of-activist/,pardoned,,"Raiya was not physically brought before a court . . . constituted a violation of his . . . right to take proceedings before a court for release.” According to Amnesty International, Kong Raiya spent nearly five months in a small, overcrowded cell in conditions that were cruel, inhuman and degrading."
https://cfj.org/reports/cambodia-v-kong-raiya/,Cambodia v. Kong Raiya,news,2020-11-20,TrialWatch Report Documents Misuse of Cambodia's 'Incitement' Law in Conviction of Activist,https://cfj.org/news/trialwatch-report-documents-misuse-of-cambodias-incitement-law-in-conviction-of-activist/,,convicted,"Raiya was convicted despite the prosecution’s failure to prove guilt beyond a reasonable doubt.” Indeed, the report notes that not only did the prosecution fail to explain whom the t-shirts were going to ‘incite,’ and how, but they never provided evidence that Kong Raiya possessed intent to incite unrest, as required by Cambodian law."
https://cfj.org/reports/cambodia-v-kong-raiya/,Cambodia v. Kong Raiya,news,2022-05-09,"Cambodia Trampled Rights of Autistic Teenager, TrialWatch Report Finds",https://cfj.org/news/cambodia-trampled-rights-of-autistic-teenager-trialwatch-report-finds/,,convicted,"The ABA Center for Human Righs previously monitored the trials of activist Kong Raiya and journalist Ros Sokhet as part of TrialWatch, both of whom were also convicted of ‘incitement’ for Facebook posts."
https://cfj.org/reports/cambodia-v-ros-sokhet/,Cambodia v. Ros Sokhet,report,,Cambodia v. Ros Sokhet,https://cfj.org/reports/cambodia-v-ros-sokhet/,,convicted,"Sokhet was criminally prosecuted, convicted, and sentenced for non-violent political speech, violating his right to freedom of expression."
https://cfj.org/reports/cambodia-v-ros-sokhet/,Cambodia v. Ros Sokhet,report,,Cambodia v. Ros Sokhet,https://cfj.org/reports/cambodia-v-ros-sokhet/,,convicted; sentenced,"Sokhet, who was convicted and sentenced to 18 months in prison, the trial has been assigned a “D” under the grading methodology described in the Annex."
https://cfj.org/reports/cambodia-v-ros-sokhet/,Cambodia v. Ros Sokhet,report,,Cambodia v. Ros Sokhet,https://cfj.org/reports/cambodia-v-ros-sokhet/,,convicted,"Sokhet was prosecuted and convicted for “incitement to disrupt social order.” The case against him stemmed from Facebook posts in which he criticized high profile political figures: among others, Prime Minister Hun Sen."
https://cfj.org/reports/cambodia-v-ros-sokhet/,Cambodia v. Ros Sokhet,report,,Cambodia v. Ros Sokhet,https://cfj.org/reports/cambodia-v-ros-sokhet/,,convicted,"Sokhet guilty of violating Articles 494 and 495 and imposed an 18-month sentence, with credit for time served."
https://cfj.org/reports/cambodia-v-ros-sokhet/,Cambodia v. Ros Sokhet,news,2020-11-11,Cambodian Journalist Convicted on Vague Incitement Charges for Political Criticism,https://cfj.org/news/cambodian-journalist-convicted-on-vague-incitement-charges-for-political-criticism/,,convicted,"Cambodian Journalist Convicted on Vague Incitement Charges for Political Criticism 11th November 2020 TrialWatch, a Clooney Foundation for Justice initiative, through the American Bar Association Center for Human Rights, monitored the trial of journalist Ros Sokhet in Cambodia."
https://cfj.org/reports/cambodia-v-ros-sokhet/,Cambodia v. Ros Sokhet,news,2022-02-08,"Cambodia’s ‘incitement’ law is inconsistent with international human rights standards, UN Working Group finds",https://cfj.org/news/cambodias-incitement-law-is-inconsistent-with-international-human-rights-standards-un-working-group-finds/,,sentenced,Sokhet was sentenced to 18 months’ imprisonment in Cambodia’s notorious Prey Sar Prison.
https://cfj.org/reports/cambodia-v-ros-sokhet/,Cambodia v. Ros Sokhet,news,2022-05-09,"Cambodia Trampled Rights of Autistic Teenager, TrialWatch Report Finds",https://cfj.org/news/cambodia-trampled-rights-of-autistic-teenager-trialwatch-report-finds/,,convicted,"The ABA Center for Human Righs previously monitored the trials of activist Kong Raiya and journalist Ros Sokhet as part of TrialWatch, both of whom were also convicted of ‘incitement’ for Facebook posts."
https://cfj.org/reports/cambodia-v-theary-seng-september-2022/,Cambodia v. Theary Seng (September 2022),report,,Cambodia v. Theary Seng (September 2022),https://cfj.org/reports/cambodia-v-theary-seng-september-2022/,,convicted,"Note: Kak Sovannchay’s father, Kak Khompear, was recently convicted alongside Theary Seng and received a six-year sentence."
https://cfj.org/reports/cambodia-v-theary-seng-september-2022/,Cambodia v. Theary Seng (September 2022),report,,Cambodia v. Theary Seng (September 2022),https://cfj.org/reports/cambodia-v-theary-seng-september-2022/,,convicted,"Seng was also convicted – violated international human rights standards, stating that the provision “fail[ed] to distinguish between violent acts and peaceful exercise of fundamental freedoms.” 40 The Working Group urged the Cambodian government to amend the law."
https://cfj.org/reports/cambodia-v-theary-seng-september-2022/,Cambodia v. Theary Seng (September 2022),report,,Cambodia v. Theary Seng (September 2022),https://cfj.org/reports/cambodia-v-theary-seng-september-2022/,,convicted,Seng and her co-defendants were all convicted of treason under Article 453 and conspiracy to incite social disorder under Articles 494 and 495 of the Cambodian Criminal Code. 129 Ms.
https://cfj.org/reports/cambodia-v-theary-seng-september-2022/,Cambodia v. Theary Seng (September 2022),report,,Cambodia v. Theary Seng (September 2022),https://cfj.org/reports/cambodia-v-theary-seng-september-2022/,,sentenced,Seng was sentenced to six years imprisonment. 130 The court’s oral announcement contained no explanation as to why it found Ms.
https://cfj.org/reports/cambodia-v-theary-seng-september-2022/,Cambodia v. Theary Seng (September 2022),news,2022-09-15,“Egregious and Blatant Violations of the Rule of Law and Administration of Justice” in Trial of Cambodian-American Lawyer,https://cfj.org/news/egregious-and-blatant-violations-of-the-rule-of-law-and-administration-of-justice-in-trial-of-cambodian-american-lawyer/,,convicted,"“Theary Seng was convicted not because of what she did, but because she supported democratic change in Cambodia."
https://cfj.org/reports/cambodia-v-theary-seng-september-2022/,Cambodia v. Theary Seng (September 2022),news,2022-09-15,“Egregious and Blatant Violations of the Rule of Law and Administration of Justice” in Trial of Cambodian-American Lawyer,https://cfj.org/news/egregious-and-blatant-violations-of-the-rule-of-law-and-administration-of-justice-in-trial-of-cambodian-american-lawyer/,,convicted,"One of the authorities’ key tools – and one of the laws under which Seng was convicted – is a sweeping provision criminalizing ‘incitement to social disorder,’ which carries a penalty of up to two years in prison."
https://cfj.org/reports/cambodia-vs-uon-chhin-and-yeang-sothearin/,Cambodia vs. Uon Chhin and Yeang Sothearin,report,,Cambodia vs. Uon Chhin and Yeang Sothearin,https://cfj.org/reports/cambodia-vs-uon-chhin-and-yeang-sothearin/,charges dropped,,"Sothearin were arrested and charged, and will continue until the charges are dismissed or an appellate court upholds a conviction or appeal."
https://cfj.org/reports/cambodia-vs-uon-chhin-and-yeang-sothearin/,Cambodia vs. Uon Chhin and Yeang Sothearin,report,,Cambodia vs. Uon Chhin and Yeang Sothearin,https://cfj.org/reports/cambodia-vs-uon-chhin-and-yeang-sothearin/,acquitted,,"Chhin delivered to the U.S. embassy, and which news stories were relayed to RFA by the defendants. 120 As such, the court’s order reopening the investigation exposes the prosecution’s failure to provide evidence on key issues, demonstrating that the case should have culminated in an acquittal, in line with the presumption of innocence."
https://cfj.org/reports/el-salvador-the-case-against-diana/,El Salvador: The Case Against Diana,report,,El Salvador: The Case Against Diana,https://cfj.org/reports/el-salvador-the-case-against-diana/,charges dropped,,"Although the San Salvador court ultimately dismissed the charges against Diana for lack of evidence, the authorities’ conduct throughout the proceedings violated a number of her rights, including the right to liberty, the right to freedom from cruel, inhuman or degrading treatment, and the right to privacy."
https://cfj.org/reports/el-salvador-the-case-against-diana/,El Salvador: The Case Against Diana,news,2020-06-25,"Clooney Foundation for Justice Statement on the Release of Reports on the Trials of Evelyn Hernandez and ""Diana"" in El Salvador",https://cfj.org/news/clooney-foundation-for-justice-statement-on-the-release-of-reports-on-the-trials-of-evelyn-hernandez-and-diana-in-el-salvador/,acquitted; charges dropped,,"Hernandez was acquitted and the charges against Diana were dismissed, the cases against these women were flawed from the start."
https://cfj.org/reports/final-report-the-case-of-paul-rusesabagina/,Final Report: The Case of Paul Rusesabagina,report,,Final Report: The Case of Paul Rusesabagina,https://cfj.org/reports/final-report-the-case-of-paul-rusesabagina/,,convicted,Rusesabagina is innocent or guilty.
https://cfj.org/reports/final-report-the-case-of-paul-rusesabagina/,Final Report: The Case of Paul Rusesabagina,report,,Final Report: The Case of Paul Rusesabagina,https://cfj.org/reports/final-report-the-case-of-paul-rusesabagina/,,convicted,"Rusesabagina is innocent or guilty, or with finding facts about whether he exceeded his role in legitimate overseas opposition to the Rwandan government."
https://cfj.org/reports/final-report-the-case-of-paul-rusesabagina/,Final Report: The Case of Paul Rusesabagina,report,,Final Report: The Case of Paul Rusesabagina,https://cfj.org/reports/final-report-the-case-of-paul-rusesabagina/,,convicted,"Rusesabagina was guilty, the Court’s behavior and treatment of these key issues would give an objective observer grounds to doubt its impartiality, giving rise to a violation of Mr."
https://cfj.org/reports/final-report-the-case-of-paul-rusesabagina/,Final Report: The Case of Paul Rusesabagina,report,,Final Report: The Case of Paul Rusesabagina,https://cfj.org/reports/final-report-the-case-of-paul-rusesabagina/,,convicted,"Rusesabagina as guilty, which the June TrialWatch Report found violated Mr."
https://cfj.org/reports/final-report-the-case-of-paul-rusesabagina/,Final Report: The Case of Paul Rusesabagina,news,2021-09-20,'Hotel Rwanda' Proceedings Were a Show Trial,https://cfj.org/news/hotel-rwanda-proceedings-were-a-show-trial/,,convicted; sentenced,"‘Hotel Rwanda’ Proceedings Were a Show Trial 20th September 2021 © Photo by REUTERS/Clement Uwiringiyimana Rwandan activist and former hotelier Paul Rusesabagina, who inspired the movie ‘Hotel Rwanda,’ has been convicted of terrorist offences and sentenced to 25 years in prison."
https://cfj.org/reports/final-report-the-case-of-paul-rusesabagina/,Final Report: The Case of Paul Rusesabagina,news,2021-09-20,'Hotel Rwanda' Proceedings Were a Show Trial,https://cfj.org/news/hotel-rwanda-proceedings-were-a-show-trial/,,convicted,"Rusesabagina was guilty without waiting for a verdict, saying that he had “the blood of Rwandans on his hands.” Taken together, this raises serious concerns about the fairness of the proceedings."
https://cfj.org/reports/final-report-the-case-of-paul-rusesabagina/,Final Report: The Case of Paul Rusesabagina,news,2022-04-04,Hotel Rwanda Figure Paul Rusesabagina’s Trial ‘Seriously Flawed’ Says TrialWatch Report,https://cfj.org/news/hotel-rwanda-figure-paul-rusesabaginas-trial-seriously-flawed-says-trialwatch-report/,,convicted; sentenced,Rusesabagina was found guilty of forming and funding a group that the prosecution alleged had carried out deadly attacks in Rwanda and was sentenced to 25 years in prison.
https://cfj.org/reports/government-of-thailand-chaiwat-limlikhitaksorn-v-wuth-boonlert-samak-donnapee/,Government of Thailand & Chaiwat Limlikhitaksorn v. Wuth Boonlert & Samak Donnapee,news,2020-07-14,Statement on the Trials of Wuth Boonlert and Samak Donnapee in Thailand,https://cfj.org/news/statement-on-the-trials-of-wuth-boonlert-and-samak-donnapee-in-thailand/,acquitted,,"Donnapee were acquitted, the charges against them demonstrate how Thailand’s criminal defamation law can be abused."
https://cfj.org/reports/hong-kong-special-administrative-region-v-bao-choy-yuk-ling/,Hong Kong Special Administrative Region v. Bao Choy Yuk-ling,report,,Hong Kong Special Administrative Region v. Bao Choy Yuk-ling,https://cfj.org/reports/hong-kong-special-administrative-region-v-bao-choy-yuk-ling/,released,,"The online form asked for the purpose of the vehicle information search, and she chose the box “other traffic related matters.” The documentary was released in July 2020; on November 3, 2020, authorities arrested Bao Choy and charged her with two counts of “knowingly making a false statement” under the Road Traffic Ordinance in order to access the vehicle information."
https://cfj.org/reports/hong-kong-special-administrative-region-v-bao-choy-yuk-ling/,Hong Kong Special Administrative Region v. Bao Choy Yuk-ling,report,,Hong Kong Special Administrative Region v. Bao Choy Yuk-ling,https://cfj.org/reports/hong-kong-special-administrative-region-v-bao-choy-yuk-ling/,,convicted,"A member of the TrialWatch Experts Panel found that while the trial was procedurally fair, there were nevertheless significant concerns regarding the fairness of the trial: In particular, Bao Choy was charged and convicted under a vague law, raising concerns under the principle of legality, and rendering her prosecution and conviction unlawful restrictions on her right to freedom of expression."
https://cfj.org/reports/hong-kong-special-administrative-region-v-bao-choy-yuk-ling/,Hong Kong Special Administrative Region v. Bao Choy Yuk-ling,report,,Hong Kong Special Administrative Region v. Bao Choy Yuk-ling,https://cfj.org/reports/hong-kong-special-administrative-region-v-bao-choy-yuk-ling/,,convicted,That the court nevertheless convicted Bao Choy despite this dearth of evidence of her knowledge that what she was doing was wrong is also suggestive of abuse of process.
https://cfj.org/reports/hong-kong-special-administrative-region-v-bao-choy-yuk-ling/,Hong Kong Special Administrative Region v. Bao Choy Yuk-ling,news,2021-07-23,Journalist's Appeal of Conviction a Key Test for Hong Kong,https://cfj.org/news/journalists-appeal-of-conviction-a-key-test-for-hong-kong/,,convicted,Journalist’s Appeal of Conviction a Key Test for Hong Kong 22nd July 2021 © Photo by AP Photo/Kin Cheung An award-winning Hong Kong journalist – Bao Choy – was convicted just for accessing a public vehicle registration database in a case that sets a dangerous precedent for press freedom in Hong Kong.
https://cfj.org/reports/hong-kong-special-administrative-region-v-bao-choy-yuk-ling/,Hong Kong Special Administrative Region v. Bao Choy Yuk-ling,news,2021-07-23,Journalist's Appeal of Conviction a Key Test for Hong Kong,https://cfj.org/news/journalists-appeal-of-conviction-a-key-test-for-hong-kong/,,convicted,"Bao Choy was convicted on April 22, 2021."
https://cfj.org/reports/hong-kong-special-administrative-region-v-tam-tak-chi/,Hong Kong Special Administrative Region v. Tam Tak-chi,report,,Hong Kong Special Administrative Region v. Tam Tak-chi,https://cfj.org/reports/hong-kong-special-administrative-region-v-tam-tak-chi/,,convicted,"The Court also convicted Tam Tak-chi of violations of Hong Kong’s Public Order Ordinance for organising an unauthorised assembly, inciting others to join it, and disobeying a police order to disperse."
https://cfj.org/reports/hong-kong-special-administrative-region-v-tam-tak-chi/,Hong Kong Special Administrative Region v. Tam Tak-chi,report,,Hong Kong Special Administrative Region v. Tam Tak-chi,https://cfj.org/reports/hong-kong-special-administrative-region-v-tam-tak-chi/,,convicted,"Of the 11 charges of which Tam Tak-chi was convicted, the longest sentence (two years) was given to the first charge, inciting others to knowingly participate in an unauthorised assembly in January 2020."
https://cfj.org/reports/hong-kong-special-administrative-region-v-tam-tak-chi/,Hong Kong Special Administrative Region v. Tam Tak-chi,report,,Hong Kong Special Administrative Region v. Tam Tak-chi,https://cfj.org/reports/hong-kong-special-administrative-region-v-tam-tak-chi/,,convicted,"In the proceedings against him, Tam Tak-chi was denied his procedural rights to a fair trial— in particular, the right to an impartial tribunal—and was charged and convicted under a vague and overbroad statute for making political statements."
https://cfj.org/reports/hong-kong-special-administrative-region-v-tam-tak-chi/,Hong Kong Special Administrative Region v. Tam Tak-chi,report,,Hong Kong Special Administrative Region v. Tam Tak-chi,https://cfj.org/reports/hong-kong-special-administrative-region-v-tam-tak-chi/,,convicted,"The verdict was delivered on March 2, 2022, with the Court finding Tam Tak-chi guilty on 11 of the 14 charges."
https://cfj.org/reports/hong-kong-special-administrative-region-v-tam-tak-chi/,Hong Kong Special Administrative Region v. Tam Tak-chi,news,2022-05-27,Hong Kong’s First Sedition Trial in Decades Sets Dangerous Precedent,https://cfj.org/news/hong-kongs-first-sedition-trial-in-decades-sets-dangerous-precedent/,,sentenced,"Tam Tak-chi, a former opposition politician and radio host, was sentenced to three years and four months in prison for uttering “seditious” words and for organizing and “inciting” others to join “unauthorized” assemblies protesting the National Security Law and police brutality."
https://cfj.org/reports/hong-kong-special-administrative-region-v-tam-tak-chi/,Hong Kong Special Administrative Region v. Tam Tak-chi,news,2022-05-27,Hong Kong’s First Sedition Trial in Decades Sets Dangerous Precedent,https://cfj.org/news/hong-kongs-first-sedition-trial-in-decades-sets-dangerous-precedent/,,convicted,"Of the 14 charges against Tam Tak-chi, the Court found him guilty of 11, including 7 counts of “uttering seditious words” and 4 public order offences—organising an unauthorised assembly, inciting others to participate in an unauthorised assembly, disorderly conduct, and refusing to obey a police order."
https://cfj.org/reports/hong-kong-special-administrative-region-v-tong-ying-kit/,Hong Kong Special Administrative Region v. Tong Ying-kit,report,,Hong Kong Special Administrative Region v. Tong Ying-kit,https://cfj.org/reports/hong-kong-special-administrative-region-v-tong-ying-kit/,,convicted; sentenced,"These violations resulted in a guilty verdict and significant sentence for the defendant in this case, Tong Ying-kit, now sentenced to nine years in prison."
https://cfj.org/reports/hong-kong-special-administrative-region-v-tong-ying-kit/,Hong Kong Special Administrative Region v. Tong Ying-kit,report,,Hong Kong Special Administrative Region v. Tong Ying-kit,https://cfj.org/reports/hong-kong-special-administrative-region-v-tong-ying-kit/,,convicted,"On July 27, 2021, the Court convicted Tong Ying-kit of both National Security Law offences, terrorist activities and incitement to secession (not reaching the alternative grounds), subsequently sentencing him to a total of nine years in prison (six and a half for the secession charge, eight and a half for the terrorism charge, to be served partly concurrently)."
https://cfj.org/reports/hong-kong-special-administrative-region-v-tong-ying-kit/,Hong Kong Special Administrative Region v. Tong Ying-kit,report,,Hong Kong Special Administrative Region v. Tong Ying-kit,https://cfj.org/reports/hong-kong-special-administrative-region-v-tong-ying-kit/,,convicted,"The Court also convicted Tong Ying-kit of ‘terrorist activities’ from his collision with police—a collision that, according to the testimony of one prosecution expert, the defendant had attempted to avoid."
https://cfj.org/reports/hong-kong-special-administrative-region-v-tong-ying-kit/,Hong Kong Special Administrative Region v. Tong Ying-kit,report,,Hong Kong Special Administrative Region v. Tong Ying-kit,https://cfj.org/reports/hong-kong-special-administrative-region-v-tong-ying-kit/,,convicted,"Now 24-years-old, Tong Ying-kit was charged with (a) incitement to secession, in violation of Articles 20 and 21 of the NSL; (b) terrorist activities, in violation of Article 24 of the NSL; and (c) an alternative count of causing grievous bodily harm by dangerous driving, contrary to section 36A of the Road Traffic Ordinance.69 He pled not guilty to all three charges."
https://cfj.org/reports/hong-kong-special-administrative-region-v-tong-ying-kit/,Hong Kong Special Administrative Region v. Tong Ying-kit,news,2021-12-13,“Dangerous Precedent” Set At Hong Kong’s First Trial Under National Security Law,https://cfj.org/news/dangerous-precedent-set-at-hong-kongs-first-trial-under-national-security-law/,,convicted,"Last month, a 30-year-old activist became the second person to be convicted under the law for shouting slogans – including the same one Tong Ying-kit displayed."
https://cfj.org/reports/hong-kong-special-administrative-region-v-tong-ying-kit/,Hong Kong Special Administrative Region v. Tong Ying-kit,news,2021-12-13,“Dangerous Precedent” Set At Hong Kong’s First Trial Under National Security Law,https://cfj.org/news/dangerous-precedent-set-at-hong-kongs-first-trial-under-national-security-law/,,convicted,"As the report concludes, the prosecution appears to have been “opportunistic” and “an abuse of process.” The report found Tong Ying-kit’s trial violated his rights and assigned the trial a grade of ‘D.’ He was convicted by a panel of judges, all of whom were hand-selected to serve as ‘national security judges’ by Hong Kong’s leader, Carrie Lam."
https://cfj.org/reports/indonesia-vs-suzethe-margaret/,Indonesia vs. Suzethe Margaret,report,,Indonesia vs. Suzethe Margaret,https://cfj.org/reports/indonesia-vs-suzethe-margaret/,,convicted,"Margaret was found not guilty by reason of diminished capacity, this did not affect the outcome of the proceedings."
https://cfj.org/reports/indonesia-vs-suzethe-margaret/,Indonesia vs. Suzethe Margaret,report,,Indonesia vs. Suzethe Margaret,https://cfj.org/reports/indonesia-vs-suzethe-margaret/,,convicted,Margaret was ultimately found not guilty under a diminished capacity defense established by Article 44(1).
https://cfj.org/reports/indonesia-vs-suzethe-margaret/,Indonesia vs. Suzethe Margaret,report,,Indonesia vs. Suzethe Margaret,https://cfj.org/reports/indonesia-vs-suzethe-margaret/,,convicted,Margaret not guilty despite significant public pressure for both her prosecution and conviction.
https://cfj.org/reports/indonesia-vs-suzethe-margaret/,Indonesia vs. Suzethe Margaret,report,,Indonesia vs. Suzethe Margaret,https://cfj.org/reports/indonesia-vs-suzethe-margaret/,,convicted,Margaret not guilty despite significant public pressure for her prosecution and conviction.
https://cfj.org/reports/indonesia-vs-suzethe-margaret/,Indonesia vs. Suzethe Margaret,news,2020-12-18,TrialWatch Fairness Report Shows Flaws in Indonesia's Blasphemy Law and Court's Treatment of Individuals with Disabilities,https://cfj.org/news/trialwatch-fairness-report-shows-flaws-in-indonesias-blasphemy-law-and-courts-treatment-of-individuals-with-disabilities/,,convicted,"Moreover, while Margaret was ultimately found not guilty based on a diminished capacity defense, prior to trial she spent two months in mental health facilities under circumstances that may have rendered her stay involuntary, which is also inconsistent with international standards."
https://cfj.org/reports/indonesia-vs-suzethe-margaret/,Indonesia vs. Suzethe Margaret,news,2020-12-18,TrialWatch Fairness Report Shows Flaws in Indonesia's Blasphemy Law and Court's Treatment of Individuals with Disabilities,https://cfj.org/news/trialwatch-fairness-report-shows-flaws-in-indonesias-blasphemy-law-and-courts-treatment-of-individuals-with-disabilities/,,convicted,"O’Mahony said: “While I welcome the fact that Margaret was not convicted, the court’s failure to adequately assess the supports Margaret needed and the absence of reasonable accommodations made her a spectator at her own trial."
https://cfj.org/reports/kazakhstan-v-aigul-utepova/,Kazakhstan v. Aigul Utepova,report,,Kazakhstan v. Aigul Utepova,https://cfj.org/reports/kazakhstan-v-aigul-utepova/,,convicted,"Utepova is a freelance journalist who was prosecuted and convicted on the basis of social media posts perceived to be in support of the Kazakh opposition parties DCK and Koshe, which are considered peaceful by international bodies and governments but have been banned as ‘extremist organizations’ in secret decisions by Kazakh courts."
https://cfj.org/reports/kazakhstan-v-aigul-utepova/,Kazakhstan v. Aigul Utepova,report,,Kazakhstan v. Aigul Utepova,https://cfj.org/reports/kazakhstan-v-aigul-utepova/,,convicted,"On 3 April 29, 2021, after nine hearings, the court convicted Utepova."
https://cfj.org/reports/kazakhstan-v-aigul-utepova/,Kazakhstan v. Aigul Utepova,report,,Kazakhstan v. Aigul Utepova,https://cfj.org/reports/kazakhstan-v-aigul-utepova/,,convicted,"The posts for which Utepova was convicted concerned political issues: the opposition parties DCK and Koshe.320 Specifically, the verdict finds Utepova guilty on the basis of the post “What if I say that I support the DCK, would anyone be surprised?”; the post “There is an antivirus."
https://cfj.org/reports/kazakhstan-v-aigul-utepova/,Kazakhstan v. Aigul Utepova,news,2022-04-27,Journalist Convicted Under Unfair Anti-Extremism Law in Kazakhstan Should Have Conviction Overturned,https://cfj.org/news/journalist-convicted-under-unfair-anti-extremism-law-in-kazakhstan-should-have-conviction-overturned/,,convicted,Utepova was convicted under Article 405(2) for activity that was allegedly supportive of two opposition parties – the Democratic Choice of Kazakhstan (DCK) and Koshe (Street) Party.
https://cfj.org/reports/kazakhstan-v-alnur-ilyashev/,Kazakhstan v. Alnur Ilyashev,report,,Kazakhstan v. Alnur Ilyashev,https://cfj.org/reports/kazakhstan-v-alnur-ilyashev/,,convicted,"Despite the prosecution’s failure to prove three elements of the offense – falsity, knowledge, and endangerment – the court convicted Ilyashev."
https://cfj.org/reports/kazakhstan-v-alnur-ilyashev/,Kazakhstan v. Alnur Ilyashev,report,,Kazakhstan v. Alnur Ilyashev,https://cfj.org/reports/kazakhstan-v-alnur-ilyashev/,,still detained,"Defense request to release Ilyashev on bond because the two-month period of pretrial detention had expired: the court stated that since the law permitted six months of pretrial detention, Ilyashev would remain in detention."
https://cfj.org/reports/kazakhstan-v-alnur-ilyashev/,Kazakhstan v. Alnur Ilyashev,news,2020-09-16,Statement on the Upheld Conviction of Alnur Ilyashev in Kazakhstan,https://cfj.org/news/statement-on-the-upheld-conviction-of-alnur-ilyashev-in-kazakhstan/,,conviction upheld,Statement on the Upheld Conviction of Alnur Ilyashev in Kazakhstan 16th September 2020 The Clooney Foundation for Justice is disappointed that the Almaty City Court has upheld the conviction of Alnur Ilyashev for criticizing the ruling Nur Otan party on Facebook.
https://cfj.org/reports/kazakhstan-v-alnur-ilyashev/,Kazakhstan v. Alnur Ilyashev,news,2021-03-11,Trial of Activist in Kazakhstan Shows How Governments Misuse COVID-19 to Suppress Speech,https://cfj.org/news/trial-of-activist-in-kazakhstan-shows-how-governments-misuse-covid-19-to-suppress-speech/,,convicted,"The activist, Alnur Ilyashev, was convicted of ‘spreading knowingly false information during an emergency,’ for three social media posts in which he accused Kazakhstan’s ruling party of corruption and incompetence."
https://cfj.org/reports/kazakhstan-v-alnur-ilyashev/,Kazakhstan v. Alnur Ilyashev,news,2021-03-11,Trial of Activist in Kazakhstan Shows How Governments Misuse COVID-19 to Suppress Speech,https://cfj.org/news/trial-of-activist-in-kazakhstan-shows-how-governments-misuse-covid-19-to-suppress-speech/,,convicted,"Ilyashev was convicted on June 22, 2020 following proceedings monitored by CFJ’s partner, the American Bar Association Center for Human Rights, as part of CFJ’s TrialWatch initiative."
https://cfj.org/reports/kazakhstan-v-alnur-ilyashev/,Kazakhstan v. Alnur Ilyashev,news,2021-04-06,"Kazakhstan: Court Refuses to Clarify Activist’s Sentence, Further Violating his Right to Freedom of Expression",https://cfj.org/news/kazakhstan-court-refuses-to-clarify-activists-sentence-further-violating-his-right-to-freedom-of-expression/,,sentenced,"Ilyashev faces severe repercussions should he be deemed to have breached this restriction: under Article 430 of the Kazakhstan Criminal Code, he could be sentenced to up to three years in prison."
https://cfj.org/reports/kazakhstan-v-alnur-ilyashev/,Kazakhstan v. Alnur Ilyashev,news,2021-04-06,"Kazakhstan: Court Refuses to Clarify Activist’s Sentence, Further Violating his Right to Freedom of Expression",https://cfj.org/news/kazakhstan-court-refuses-to-clarify-activists-sentence-further-violating-his-right-to-freedom-of-expression/,,convicted,"Background Alnur Ilyashev was convicted in September 2020 of ‘spreading knowingly false information during an emergency,’ based on three social media posts in which he accused Kazakhstan’s ruling party of corruption and incompetence."
https://cfj.org/reports/kazakhstan-v-alnur-ilyashev/,Kazakhstan v. Alnur Ilyashev,news,2021-04-06,"Kazakhstan: Court Refuses to Clarify Activist’s Sentence, Further Violating his Right to Freedom of Expression",https://cfj.org/news/kazakhstan-court-refuses-to-clarify-activists-sentence-further-violating-his-right-to-freedom-of-expression/,,sentenced,Ilyashev was sentenced to a five-year ban on civic or political public activities.
https://cfj.org/reports/kazakhstan-v-alnur-ilyashev/,Kazakhstan v. Alnur Ilyashev,news,2022-09-13,Kazakhstan Should Comply with UN Decision and Quash Activist's Conviction,https://cfj.org/news/kazakhstan-should-comply-with-un-decision-and-quash-activists-conviction/,conviction overturned,,"Kazakhstan Should Comply with UN Decision and Quash Activist’s Conviction 13th September 2022 Despite a UN decision in his favor, the Kazakh government has yet to provide human rights activist Alnur Ilyashev with any form of remedy after a court unjustly sentenced him to three years of restricted movement, 300 hours of forced labor, and a five-year ban on political and civic activism."
https://cfj.org/reports/kazakhstan-v-alnur-ilyashev/,Kazakhstan v. Alnur Ilyashev,news,2022-09-13,Kazakhstan Should Comply with UN Decision and Quash Activist's Conviction,https://cfj.org/news/kazakhstan-should-comply-with-un-decision-and-quash-activists-conviction/,conviction overturned,,"“It has been five months since the UN Working on Arbitrary Detention issued its decision calling on the Government of Kazakhstan to quash Alnur Ilyashev’s sentence, expunge his criminal record, and accord him an enforceable right to compensation,” said Freedom Now Legal Officer Adam Lhedmat."
https://cfj.org/reports/kazakhstan-v-alnur-ilyashev/,Kazakhstan v. Alnur Ilyashev,news,2022-09-13,Kazakhstan Should Comply with UN Decision and Quash Activist's Conviction,https://cfj.org/news/kazakhstan-should-comply-with-un-decision-and-quash-activists-conviction/,,convicted,"On June 22, 2020, the court found Ilyashev guilty and sentenced him to three years of restricted movement, 300 hours of forced labor, and a ban on political and civic activism for five years."
https://cfj.org/reports/kazakhstan-v-askhat-zheksebaev-et-al/,Kazakhstan v. Askhat Zheksebaev et al.,report,,Kazakhstan v. Askhat Zheksebaev et al.,https://cfj.org/reports/kazakhstan-v-askhat-zheksebaev-et-al/,,convicted; sentenced,"Zheksebaev was convicted and sentenced to jail in a trial marred by severe irregularities, which included the court barring the defense from questioning key prosecution witnesses."
https://cfj.org/reports/kazakhstan-v-askhat-zheksebaev-et-al/,Kazakhstan v. Askhat Zheksebaev et al.,report,,Kazakhstan v. Askhat Zheksebaev et al.,https://cfj.org/reports/kazakhstan-v-askhat-zheksebaev-et-al/,,convicted; sentenced,"Zheksebaev was convicted of “being the leader and organizer of the extremist organization ‘Koshe Party’” and sentenced to “imprisonment for a period of 5 (five) years with deprivation of the right to engage in social and political activities using the media and telecommunication networks for a period of 5 (five) years.” 1 More broadly, Mr."
https://cfj.org/reports/kazakhstan-v-askhat-zheksebaev-et-al/,Kazakhstan v. Askhat Zheksebaev et al.,report,,Kazakhstan v. Askhat Zheksebaev et al.,https://cfj.org/reports/kazakhstan-v-askhat-zheksebaev-et-al/,,convicted,"Zheksebaev was convicted occurred before the decision banning the Koshe Party went into effect, meaning that they were not criminal at the time."
https://cfj.org/reports/kazakhstan-v-askhat-zheksebaev-et-al/,Kazakhstan v. Askhat Zheksebaev et al.,report,,Kazakhstan v. Askhat Zheksebaev et al.,https://cfj.org/reports/kazakhstan-v-askhat-zheksebaev-et-al/,,convicted,"Zheksebaev was convicted and fined by a court in Almaty under Article 443 of the Code of Administrative Offenses of the Republic of Kazakhstan (“Administrative Code”), which penalizes insubordination against a law enforcement officer.79 On September 16, 2019, a court in Almaty sentenced Mr."
https://cfj.org/reports/kazakhstan-v-askhat-zheksebaev-et-al/,Kazakhstan v. Askhat Zheksebaev et al.,news,2022-11-22,Kazakh Activist’s Conviction for Social Media Posts Was ‘Deeply Flawed’,https://cfj.org/news/kazakh-activists-conviction-for-social-media-posts-was-deeply-flawed/,,convicted,"Zheksebaev was convicted for routine political activism on behalf of the Koshe Party before it was even banned,” TrialWatch Expert Stephanie Farrior, who has published extensively on equality and non-discrimination under international law, said."
https://cfj.org/reports/kazakhstan-v-askhat-zheksebaev-et-al/,Kazakhstan v. Askhat Zheksebaev et al.,news,2022-11-22,Kazakh Activist’s Conviction for Social Media Posts Was ‘Deeply Flawed’,https://cfj.org/news/kazakh-activists-conviction-for-social-media-posts-was-deeply-flawed/,,convicted,Background Askhat Zheksebaev has repeatedly been arrested and convicted for participating in protests and rallies.
https://cfj.org/reports/kazakhstan-v-askhat-zheksebaev-et-al/,Kazakhstan v. Askhat Zheksebaev et al.,news,2022-11-22,Kazakh Activist’s Conviction for Social Media Posts Was ‘Deeply Flawed’,https://cfj.org/news/kazakh-activists-conviction-for-social-media-posts-was-deeply-flawed/,,convicted; sentenced,"Zheksebaev was convicted of both organizing and participating in Koshe Party activities, sentenced to five years in prison, and deprived of “the right to engage in social and political activities using the media and telecommunication networks for a period of 5 (five) years.” In December 2021 an appellate court rejected Zheksebaev’s first-instance appeal."
https://cfj.org/reports/malaysia-v-malaysiakini-and-steven-gan/,Malaysia v. Malaysiakini and Steven Gan,report,,Malaysia v. Malaysiakini and Steven Gan,https://cfj.org/reports/malaysia-v-malaysiakini-and-steven-gan/,,convicted,"In accordance with the grading methodology, the above violations of international standards were the basis of the guilty verdict against Malaysiakini and resulted in significant harm to both Malaysiakini and co-accused Steven Gan."
https://cfj.org/reports/malaysia-v-malaysiakini-and-steven-gan/,Malaysia v. Malaysiakini and Steven Gan,report,,Malaysia v. Malaysiakini and Steven Gan,https://cfj.org/reports/malaysia-v-malaysiakini-and-steven-gan/,acquitted,convicted,"On February 19, 2021, Malaysiakini was convicted of contempt and fined and Gan was acquitted."
https://cfj.org/reports/malaysia-v-malaysiakini-and-steven-gan/,Malaysia v. Malaysiakini and Steven Gan,report,,Malaysia v. Malaysiakini and Steven Gan,https://cfj.org/reports/malaysia-v-malaysiakini-and-steven-gan/,,convicted,"In nonetheless finding Malaysiakini guilty of contempt, the court, acknowledging that different jurisdictions have taken different approaches to the question of intermediary liability for third-party comments, relied heavily on the presumption of publication established by Section 114A(1) of the Malaysian Evidence Act."
https://cfj.org/reports/malaysia-v-malaysiakini-and-steven-gan/,Malaysia v. Malaysiakini and Steven Gan,report,,Malaysia v. Malaysiakini and Steven Gan,https://cfj.org/reports/malaysia-v-malaysiakini-and-steven-gan/,acquitted,convicted,"According to the defense, the MCMC Code did not require websites to monitor comments and allowed a two-day window to take down posts.132 On February 19, 2021, the Federal Court found Malaysiakini guilty of contempt and acquitted editor-in-chief Steven Gan."
https://cfj.org/reports/malaysia-v-malaysiakini-and-steven-gan/,Malaysia v. Malaysiakini and Steven Gan,news,2021-10-07,Conviction for Contempt Risks Forcing News Sites to Censor Online Activity,https://cfj.org/news/conviction-for-contempt-risks-forcing-news-sites-to-censor-online-activity/,acquitted,,"Although this was not mentioned in the Malaysiakini story, several readers posted comments criticizing the acquittal."
https://cfj.org/reports/malaysia-v-malaysiakini-and-steven-gan/,Malaysia v. Malaysiakini and Steven Gan,news,2021-10-07,Conviction for Contempt Risks Forcing News Sites to Censor Online Activity,https://cfj.org/news/conviction-for-contempt-risks-forcing-news-sites-to-censor-online-activity/,,convicted,"Following a trial monitored by the Clooney Foundation for Justice’s TrialWatch initiative, Malaysiakini was convicted and Mr."
https://cfj.org/reports/mexico-v-kenia-hernandez/,Mexico v. Kenia Hernandez,report,,Mexico v. Kenia Hernandez,https://cfj.org/reports/mexico-v-kenia-hernandez/,,convicted; sentenced,"In March 2022, Hernandez was convicted and sentenced to 11 years and 3 months in prison."
https://cfj.org/reports/mexico-v-kenia-hernandez/,Mexico v. Kenia Hernandez,report,,Mexico v. Kenia Hernandez,https://cfj.org/reports/mexico-v-kenia-hernandez/,,convicted; sentenced,"In March 2022, Hernandez was convicted and sentenced to 11 years and three months in prison."
https://cfj.org/reports/mexico-v-kenia-hernandez/,Mexico v. Kenia Hernandez,report,,Mexico v. Kenia Hernandez,https://cfj.org/reports/mexico-v-kenia-hernandez/,,convicted,"With respect to the justification that Hernandez had prior offenses, it is worth nothing that Hernández had yet to be convicted of a criminal offense and only had pending charges against her at that time."
https://cfj.org/reports/mexico-v-kenia-hernandez/,Mexico v. Kenia Hernandez,news,2022-07-26,"Under Siege in the Mexican Criminal Justice System, a Female Human Rights Defender Faces Decades in Prison",https://cfj.org/news/under-siege-in-the-mexican-criminal-justice-system-a-female-human-rights-defender-faces-decades-in-prison/,,sentenced,Following this trial – which the authorities prevented her from even attending – Hernandez was sentenced to 11 years and three months in prison.
https://cfj.org/reports/mexico-v-kenia-hernandez/,Mexico v. Kenia Hernandez,news,2022-07-26,"Under Siege in the Mexican Criminal Justice System, a Female Human Rights Defender Faces Decades in Prison",https://cfj.org/news/under-siege-in-the-mexican-criminal-justice-system-a-female-human-rights-defender-faces-decades-in-prison/,,sentenced,"Among the other cases against Hernandez are aggravated robbery charges in a case in Toluca, for which she was sentenced to ten years and six months in prison."
https://cfj.org/reports/morocco-v-omar-radi/,Morocco v. Omar Radi,report,,Morocco v. Omar Radi,https://cfj.org/reports/morocco-v-omar-radi/,,conviction upheld,"Radi stemmed from a tweet he posted on Twitter on April 6, 2019.40 The tweet addressed Judge Lahcen Talfi, who had upheld the verdict sentencing leaders of the Rif protests to the maximum sentence of 20 years in prison. 41 The tweet stated, “Lahcen Talfi, juge de la cour d'appel, bourreau de nos frères, souvenons-nous bien de lui."
https://cfj.org/reports/morocco-v-omar-radi/,Morocco v. Omar Radi,report,,Morocco v. Omar Radi,https://cfj.org/reports/morocco-v-omar-radi/,,convicted; sentenced,Radi was found guilty and sentenced to a four-month suspended sentence and 500 Dirham fine.51 Mr.
https://cfj.org/reports/morocco-v-omar-radi/,Morocco v. Omar Radi,report,,Morocco v. Omar Radi,https://cfj.org/reports/morocco-v-omar-radi/,,convicted,"Radi, who was prosecuted, detained and convicted for exercising his right to free expression through a tweet critical of the judiciary."
https://cfj.org/reports/morocco-v-omar-radi/,Morocco v. Omar Radi,news,2020-03-17,Clooney Foundation for Justice Statement on the Conviction of Omar Radi,https://cfj.org/news/cfj-omar-radi-conviction-in-morocco/,,convicted,Radi was convicted and given a suspended sentence of four months’ imprisonment and fined for a single tweet criticizing a judge for upholding severe prison sentences imposed on political activists from the impoverished Rif Region.
https://cfj.org/reports/morocco-v-omar-radi/,Morocco v. Omar Radi,news,2020-09-19,Statement on the Release of the Report on the Trial of Omar Radi in Morocco,https://cfj.org/news/statement-on-the-release-of-the-report-on-the-trial-of-omar-radi-in-morocco/,,convicted,Radi was convicted and given a four-month suspended sentence for a single tweet criticizing an appellate judge for upholding severe sentences for protesters.
https://cfj.org/reports/morocco-v-omar-radi/,Morocco v. Omar Radi,news,2021-07-19,Moroccan Journalist Convicted After Court Excludes Evidence,https://cfj.org/news/moroccan-journalist-convicted-after-court-excludes-evidence/,,convicted,"Moroccan Journalist Convicted After Court Excludes Evidence 19th July 2021 Photo by REUTERS/Youssef Boudlal Investigative journalist Omar Radi, who was previously on hunger strike, has been convicted in Morocco of rape and national security offenses."
https://cfj.org/reports/morocco-v-omar-radi/,Morocco v. Omar Radi,news,2022-07-29,"Moroccan Journalist Subjected to ‘Abuse of Process,’ New TrialWatch Report Finds",https://cfj.org/news/moroccan-journalist-subjected-to-abuse-of-process-new-trialwatch-report-finds/,,convicted; sentenced,"Garry, USC Gould School of Law The trial of Moroccan investigative journalist Omar Radi, who was convicted of national security offences and rape and sentenced to six years’ imprisonment, “involved serious violations of international fair trial standards,” a TrialWatch report said today."
https://cfj.org/reports/morocco-v-omar-radi/,Morocco v. Omar Radi,news,2022-07-29,"Moroccan Journalist Subjected to ‘Abuse of Process,’ New TrialWatch Report Finds",https://cfj.org/news/moroccan-journalist-subjected-to-abuse-of-process-new-trialwatch-report-finds/,,conviction upheld; still detained,"Garry concluding that the proceedings were “an abuse of process.” Radi remains in prison, after an appeal court upheld his sentence in March."
https://cfj.org/reports/morocco-v-omar-radi/,Morocco v. Omar Radi,news,2022-07-29,"Moroccan Journalist Subjected to ‘Abuse of Process,’ New TrialWatch Report Finds",https://cfj.org/news/moroccan-journalist-subjected-to-abuse-of-process-new-trialwatch-report-finds/,,convicted,"Like Radi, Bouachrine was convicted of sexual assault and rape, among other charges, with the UN Working Group on Arbitrary Detention finding that the proceedings in his case “undermined the right to a fair trial.” In another case monitored by TrialWatch, journalist Hajar Raissouni, who also wrote for Akhbar al-Youm, was convicted of the ‘crimes’ of abortion and extramarital sex."
https://cfj.org/reports/morocco-v-omar-radi/,Morocco v. Omar Radi,news,2022-07-29,"Moroccan Journalist Subjected to ‘Abuse of Process,’ New TrialWatch Report Finds",https://cfj.org/news/moroccan-journalist-subjected-to-abuse-of-process-new-trialwatch-report-finds/,,convicted,"In 2020, Radi was convicted of insulting the Moroccan judiciary for a Tweet in which he criticized a judge for upholding harsh sentences for protestors involved in the 2016 Hirak Rif movement."
https://cfj.org/reports/morocco-v-omar-radi-ii/,Morocco v. Omar Radi II,report,,Morocco v. Omar Radi II,https://cfj.org/reports/morocco-v-omar-radi-ii/,,convicted; sentenced,Radi was convicted on all counts and sentenced to six years in prison.
https://cfj.org/reports/morocco-v-omar-radi-ii/,Morocco v. Omar Radi II,report,,Morocco v. Omar Radi II,https://cfj.org/reports/morocco-v-omar-radi-ii/,,convicted,Radi was convicted of insulting the Moroccan judiciary after he wrote a tweet criticizing a Moroccan court’s decision to uphold severe sentences for the leaders of the Hirak Rif protests.57 The court handed Mr.
https://cfj.org/reports/morocco-v-omar-radi-ii/,Morocco v. Omar Radi II,report,,Morocco v. Omar Radi II,https://cfj.org/reports/morocco-v-omar-radi-ii/,,conviction upheld,"Radi was denied release pending the appeal.203 An appeal hearing was originally scheduled for November 4, 2021, but postponed eight times until February 15, 2022.204 On March 3, 2022, the Appeals Court in Casablanca upheld the first instance conviction of Mr."
https://cfj.org/reports/morocco-v-omar-radi-ii/,Morocco v. Omar Radi II,report,,Morocco v. Omar Radi II,https://cfj.org/reports/morocco-v-omar-radi-ii/,,convicted,"Radi reportedly did not have access to own his case file, the site Barlamane.com published an analysis of the case that “was clearly informed by extensive access to the case file, and strongly suggested that [Mr.] Radi was guilty as charged.” 228 Given the stage of the proceedings at the time of publication, the article’s level of detail concerning the charges and alleged evidence against Mr."
https://cfj.org/reports/morocco-v-omar-radi-ii/,Morocco v. Omar Radi II,news,2020-03-17,Clooney Foundation for Justice Statement on the Conviction of Omar Radi,https://cfj.org/news/cfj-omar-radi-conviction-in-morocco/,,convicted,Radi was convicted and given a suspended sentence of four months’ imprisonment and fined for a single tweet criticizing a judge for upholding severe prison sentences imposed on political activists from the impoverished Rif Region.
https://cfj.org/reports/morocco-v-omar-radi-ii/,Morocco v. Omar Radi II,news,2020-09-19,Statement on the Release of the Report on the Trial of Omar Radi in Morocco,https://cfj.org/news/statement-on-the-release-of-the-report-on-the-trial-of-omar-radi-in-morocco/,,convicted,Radi was convicted and given a four-month suspended sentence for a single tweet criticizing an appellate judge for upholding severe sentences for protesters.
https://cfj.org/reports/morocco-v-omar-radi-ii/,Morocco v. Omar Radi II,news,2021-07-19,Moroccan Journalist Convicted After Court Excludes Evidence,https://cfj.org/news/moroccan-journalist-convicted-after-court-excludes-evidence/,,convicted,"Moroccan Journalist Convicted After Court Excludes Evidence 19th July 2021 Photo by REUTERS/Youssef Boudlal Investigative journalist Omar Radi, who was previously on hunger strike, has been convicted in Morocco of rape and national security offenses."
https://cfj.org/reports/morocco-v-omar-radi-ii/,Morocco v. Omar Radi II,news,2022-07-29,"Moroccan Journalist Subjected to ‘Abuse of Process,’ New TrialWatch Report Finds",https://cfj.org/news/moroccan-journalist-subjected-to-abuse-of-process-new-trialwatch-report-finds/,,convicted; sentenced,"Garry, USC Gould School of Law The trial of Moroccan investigative journalist Omar Radi, who was convicted of national security offences and rape and sentenced to six years’ imprisonment, “involved serious violations of international fair trial standards,” a TrialWatch report said today."
https://cfj.org/reports/morocco-v-omar-radi-ii/,Morocco v. Omar Radi II,news,2022-07-29,"Moroccan Journalist Subjected to ‘Abuse of Process,’ New TrialWatch Report Finds",https://cfj.org/news/moroccan-journalist-subjected-to-abuse-of-process-new-trialwatch-report-finds/,,conviction upheld; still detained,"Garry concluding that the proceedings were “an abuse of process.” Radi remains in prison, after an appeal court upheld his sentence in March."
https://cfj.org/reports/morocco-v-omar-radi-ii/,Morocco v. Omar Radi II,news,2022-07-29,"Moroccan Journalist Subjected to ‘Abuse of Process,’ New TrialWatch Report Finds",https://cfj.org/news/moroccan-journalist-subjected-to-abuse-of-process-new-trialwatch-report-finds/,,convicted,"Like Radi, Bouachrine was convicted of sexual assault and rape, among other charges, with the UN Working Group on Arbitrary Detention finding that the proceedings in his case “undermined the right to a fair trial.” In another case monitored by TrialWatch, journalist Hajar Raissouni, who also wrote for Akhbar al-Youm, was convicted of the ‘crimes’ of abortion and extramarital sex."
https://cfj.org/reports/morocco-v-omar-radi-ii/,Morocco v. Omar Radi II,news,2022-07-29,"Moroccan Journalist Subjected to ‘Abuse of Process,’ New TrialWatch Report Finds",https://cfj.org/news/moroccan-journalist-subjected-to-abuse-of-process-new-trialwatch-report-finds/,,convicted,"In 2020, Radi was convicted of insulting the Moroccan judiciary for a Tweet in which he criticized a judge for upholding harsh sentences for protestors involved in the 2016 Hirak Rif movement."
https://cfj.org/reports/nigeria-v-eromosele-adene-and-nicholas-mbah/,Nigeria v. Eromosele Adene and Nicholas Mbah,report,,Nigeria v. Eromosele Adene and Nicholas Mbah,https://cfj.org/reports/nigeria-v-eromosele-adene-and-nicholas-mbah/,,convicted,Mbah pleaded not guilty on all counts.
https://cfj.org/reports/poland-vs-elzbieta-podlesna-anna-prus-and-joanna-gzyra-iskandar/,"Poland vs. Elzbieta Podlesna, Anna Prus, and Joanna Gzyra-Iskandar",report,,"Poland vs. Elzbieta Podlesna, Anna Prus, and Joanna Gzyra-Iskandar",https://cfj.org/reports/poland-vs-elzbieta-podlesna-anna-prus-and-joanna-gzyra-iskandar/,acquitted,,"To the Polish judiciary: In line with international and regional standards on freedom of speech and freedom from discrimination, the court should dismiss the prosecution’s appeal against the acquittal of Podlesna, Prus, and Gzyra-Iskandar."
https://cfj.org/reports/poland-vs-elzbieta-podlesna-anna-prus-and-joanna-gzyra-iskandar/,"Poland vs. Elzbieta Podlesna, Anna Prus, and Joanna Gzyra-Iskandar",report,,"Poland vs. Elzbieta Podlesna, Anna Prus, and Joanna Gzyra-Iskandar",https://cfj.org/reports/poland-vs-elzbieta-podlesna-anna-prus-and-joanna-gzyra-iskandar/,acquitted,,"It is crucial that independent courts, like the court that presided over the acquittal of Podlesna, Prus, and Gzyra-Iskandar, are protected."
https://cfj.org/reports/poland-vs-elzbieta-podlesna-anna-prus-and-joanna-gzyra-iskandar/,"Poland vs. Elzbieta Podlesna, Anna Prus, and Joanna Gzyra-Iskandar",news,2021-11-04,FEATURE: Rainbow Mary and the Fight for Poland’s Future,https://cfj.org/news/feature-rainbow-mary-and-the-fight-for-polands-future/,acquitted,convicted,"What the judge said – that was very important to me – not because she said we weren’t guilty, but because she said that the rainbow isn’t something offensive.” Anna, Elżbieta, and Joanna must now prepare themselves for the possibility that their acquittal will be reversed as the prosecution’s appeal is set to start on November 10."
https://cfj.org/reports/russia-vs-aleksey-navalny/,Russia vs. Aleksey Navalny,report,,Russia vs. Aleksey Navalny,https://cfj.org/reports/russia-vs-aleksey-navalny/,,convicted,Just weeks after returning to Russia from Germany—where he had been recuperating from having been poisoned—Russian opposition leader Aleksey Navalny was tried and convicted of slander.
https://cfj.org/reports/russia-vs-aleksey-navalny/,Russia vs. Aleksey Navalny,report,,Russia vs. Aleksey Navalny,https://cfj.org/reports/russia-vs-aleksey-navalny/,,convicted,"Navalny was convicted of slander and fined, with the fine added to his sentence in the Yves Rocher case."
https://cfj.org/reports/russia-vs-aleksey-navalny/,Russia vs. Aleksey Navalny,report,,Russia vs. Aleksey Navalny,https://cfj.org/reports/russia-vs-aleksey-navalny/,,convicted; sentenced,"Navalny was also charged with financial crimes in connection with his work with a timber company.78 He was convicted of embezzelement in 201379 and sentenced to five years’ imprisonment, which was converted to a suspended sentence on appeal."
https://cfj.org/reports/russia-vs-aleksey-navalny/,Russia vs. Aleksey Navalny,report,,Russia vs. Aleksey Navalny,https://cfj.org/reports/russia-vs-aleksey-navalny/,,convicted,"The European Court of Human Rights again found that “the criminal law was arbitrarily and unforeseeably construed to the detriment [of Mr Navalny], leading to a manifestly unreasonable outcome of the trial.”80 He was eventually given a re-trial and again found guilty.81 He was again given a five-year suspended sentence."
https://cfj.org/reports/russia-vs-aleksey-navalny/,Russia vs. Aleksey Navalny,news,2021-04-28,TrialWatch Expert Says Aleksey Navalny's Slander Conviction Violated His Right to Freedom of Expression,https://cfj.org/news/trialwatch-expert-says-aleksey-navalnys-slander-conviction-violated-his-right-to-freedom-of-expression/,,convicted,"Navalny, who only days ago ended a hunger strike protesting his treatment in detention, was convicted of slander for his criticism of those who participated in a political video."
https://cfj.org/reports/russia-vs-aleksey-navalny/,Russia vs. Aleksey Navalny,news,2022-04-07,Navalny's Slander Conviction a 'Persistent Violation of His Rights' Says TrialWatch Report,https://cfj.org/news/navalnys-slander-conviction-a-persistent-violation-of-his-rights-says-trialwatch-report/,,convicted; sentenced,Navalny was convicted and sentenced to nine years’ imprisonment on multiple charges.
https://cfj.org/reports/russia-vs-aleksey-navalny/,Russia vs. Aleksey Navalny,news,2022-04-07,Navalny's Slander Conviction a 'Persistent Violation of His Rights' Says TrialWatch Report,https://cfj.org/news/navalnys-slander-conviction-a-persistent-violation-of-his-rights-says-trialwatch-report/,,convicted,Navalny was convicted for allegedly insulting a Russian veteran who served during World War II as he made comments about people who appeared in a pro-Putin video online.
https://cfj.org/reports/russia-vs-aleksey-navalny/,Russia vs. Aleksey Navalny,news,2022-04-07,Navalny's Slander Conviction a 'Persistent Violation of His Rights' Says TrialWatch Report,https://cfj.org/news/navalnys-slander-conviction-a-persistent-violation-of-his-rights-says-trialwatch-report/,,convicted,Navalny was convicted of slander and fined.
https://cfj.org/reports/russia-vs-aleksey-navalny/,Russia vs. Aleksey Navalny,news,2022-04-07,Navalny's Slander Conviction a 'Persistent Violation of His Rights' Says TrialWatch Report,https://cfj.org/news/navalnys-slander-conviction-a-persistent-violation-of-his-rights-says-trialwatch-report/,,convicted,"Navalny was convicted again, this time on charges of fraud and contempt of court in relation to the slander case, and given a severe 9-year prison sentence."
https://cfj.org/reports/russian-federation-v-mikhail-benyash/,Russian Federation v. Mikhail Benyash,report,,Russian Federation v. Mikhail Benyash,https://cfj.org/reports/russian-federation-v-mikhail-benyash/,,convicted,"Benyash, who spent over a month in detention, is at risk of being disbarred, and was convicted and fined 30,000 rubles, the trial has been assigned a “D” under the grading methodology described in the Annex."
https://cfj.org/reports/russian-federation-v-mikhail-benyash/,Russian Federation v. Mikhail Benyash,report,,Russian Federation v. Mikhail Benyash,https://cfj.org/reports/russian-federation-v-mikhail-benyash/,,convicted,Benyash was quickly convicted of two administrative offenses (organizing an unauthorized protest and disobeying police orders) in proceedings riddled 2 with due process violations.
https://cfj.org/reports/russian-federation-v-mikhail-benyash/,Russian Federation v. Mikhail Benyash,report,,Russian Federation v. Mikhail Benyash,https://cfj.org/reports/russian-federation-v-mikhail-benyash/,,conviction upheld,Benyash - charges that likely would have been barred on double jeopardy grounds if his administrative conviction had been upheld.
https://cfj.org/reports/russian-federation-v-mikhail-benyash/,Russian Federation v. Mikhail Benyash,report,,Russian Federation v. Mikhail Benyash,https://cfj.org/reports/russian-federation-v-mikhail-benyash/,,convicted,"Benyash guilty of violating Article 318(1).114 The court sentenced him to a fine of 60,000 rubles, which it commuted to 30,000 rubles in light of time served in pretrial detention.115 Mr."
https://cfj.org/reports/russian-federation-v-mikhail-benyash/,Russian Federation v. Mikhail Benyash,news,2019-10-11,Clooney Foundation for Justice Responds to Conviction of Mikhail Benyash in Russia,https://cfj.org/news/clooney-foundation-for-justice-responds-to-conviction-of-mikhail-benyash-in-russia/,,convicted,"Benyash was convicted of the “use of violence … against [a] representative of [the] authority” under article 318 of the Criminal Code of Russia and fined 30,000 rubles."
https://cfj.org/reports/russian-federation-v-mikhail-benyash/,Russian Federation v. Mikhail Benyash,news,2020-07-07,Statement on the Release of the Fairness Report on the Trial of Mikhail Benyash in Russia,https://cfj.org/news/statement-on-the-release-of-the-fairness-report-on-the-trial-of-mikhail-benyash-in-russia/,,convicted,"Statement on the Release of the Fairness Report on the Trial of Mikhail Benyash in Russia 7th July 2020 The Clooney Foundation for Justice’s TrialWatch initiative monitored the trial in Russia of Mikhail Benyash, a human rights lawyer who was convicted of assaulting police officers."
https://cfj.org/reports/russian-federation-v-mikhail-benyash/,Russian Federation v. Mikhail Benyash,news,2020-07-07,Statement on the Release of the Fairness Report on the Trial of Mikhail Benyash in Russia,https://cfj.org/news/statement-on-the-release-of-the-fairness-report-on-the-trial-of-mikhail-benyash-in-russia/,,convicted,Benyash was convicted and now faces the potential loss of his law license as a result.
https://cfj.org/reports/russian-federation-v-mikhail-benyash/,Russian Federation v. Mikhail Benyash,news,2023-03-30,Russia’s conviction of human rights lawyer should be overturned,https://cfj.org/news/russias-conviction-of-human-rights-lawyer-should-be-overturned/,,convicted,"On March 6, Benyash was criminally convicted and fined for allegedly assaulting policemen back in 2018 as they tried to arrest him."
https://cfj.org/reports/russian-federation-v-mikhail-benyash/,Russian Federation v. Mikhail Benyash,news,2023-03-30,Russia’s conviction of human rights lawyer should be overturned,https://cfj.org/news/russias-conviction-of-human-rights-lawyer-should-be-overturned/,,convicted,"In the 2019 trial, Benyash was prosecuted and convicted under Article 318 (1) of the Russian criminal code for “assault against a representative of the authority,” a charge which carries up to five years of imprisonment but for which he was fined."
https://cfj.org/reports/russian-federation-vs-anastasia-shevchenko/,Russian Federation vs. Anastasia Shevchenko,report,,Russian Federation vs. Anastasia Shevchenko,https://cfj.org/reports/russian-federation-vs-anastasia-shevchenko/,,convicted,"In convicting Shevchenko instead, the court denied Shevchenko her right to be presumed innocent until proven guilty."
https://cfj.org/reports/russian-federation-vs-anastasia-shevchenko/,Russian Federation vs. Anastasia Shevchenko,report,,Russian Federation vs. Anastasia Shevchenko,https://cfj.org/reports/russian-federation-vs-anastasia-shevchenko/,,convicted,"At the end of these summaries, the court summarizes in abridged form the evidence presented by the defense,209 then pronounces Shevchenko guilty."
https://cfj.org/reports/russian-federation-vs-anastasia-shevchenko/,Russian Federation vs. Anastasia Shevchenko,report,,Russian Federation vs. Anastasia Shevchenko,https://cfj.org/reports/russian-federation-vs-anastasia-shevchenko/,,convicted,"Correspondingly, the court that convicted Shevchenko ignored gross discrepancies in the prosecution’s case, indicating that the outcome was pre-determined and that the prosecution was mere retaliation for Shevchenko’s human rights advocacy."
https://cfj.org/reports/russian-federation-vs-anastasia-shevchenko/,Russian Federation vs. Anastasia Shevchenko,news,2021-02-19,Conviction of Anastasia Shevchenko in Russia Shows Pernicious Role of 'Undesirable Organizations' Law,https://cfj.org/news/conviction-of-anastasia-shevchenko-in-russia-shows-pernicious-role-of-undesirable-organizations-law/,,convicted,"Shevchenko, who had twice been convicted of participation in the activities of ‘Open Russia-UK’ under the Code of Administrative Offenses, was arrested on January 21, 2019, and charged under the counterpart criminal provision."
https://cfj.org/reports/russian-federation-vs-anastasia-shevchenko/,Russian Federation vs. Anastasia Shevchenko,news,2021-10-19,Cruelty in Russian Activist's Case Shows True Damage of 'Undesirable Organization' Law,https://cfj.org/news/cruelty-in-russian-activists-case-shows-true-damage-of-undesirable-organization-law/,,convicted,Shevchenko was twice prosecuted and convicted of the administrative offense of participating in an ‘undesirable’ organization: the first time for taking part in a political debate; the second time for organizing meetings and lectures about upcoming regional elections.
https://cfj.org/reports/russian-federation-vs-svetlana-prokopyeva/,Russian Federation vs. Svetlana Prokopyeva,report,,Russian Federation vs. Svetlana Prokopyeva,https://cfj.org/reports/russian-federation-vs-svetlana-prokopyeva/,,convicted,Prokopyeva was convicted of justifying terrorism and ordered to pay a large fine.
https://cfj.org/reports/russian-federation-vs-svetlana-prokopyeva/,Russian Federation vs. Svetlana Prokopyeva,report,,Russian Federation vs. Svetlana Prokopyeva,https://cfj.org/reports/russian-federation-vs-svetlana-prokopyeva/,,convicted,"Prokopyeva guilty39 and imposed a fine of 500,000 rubles (approximately US $6,950).40 The laptop she used to write articles was confiscated as a tool of the crime for which she was convicted."
https://cfj.org/reports/russian-federation-vs-svetlana-prokopyeva/,Russian Federation vs. Svetlana Prokopyeva,report,,Russian Federation vs. Svetlana Prokopyeva,https://cfj.org/reports/russian-federation-vs-svetlana-prokopyeva/,,conviction upheld,"The lawsuit was dismissed on August 12, 2020, and the dismissal was upheld on appeal on November 17, 2020. 63 Prokopyeva Judgment at 12."
https://cfj.org/reports/russian-federation-vs-svetlana-prokopyeva/,Russian Federation vs. Svetlana Prokopyeva,report,,Russian Federation vs. Svetlana Prokopyeva,https://cfj.org/reports/russian-federation-vs-svetlana-prokopyeva/,,convicted,Prokopyeva had reason to be concerned that the judges in her case were vulnerable to influence or pressure from the government to render a guilty verdict.
https://cfj.org/reports/russian-federation-vs-svetlana-prokopyeva/,Russian Federation vs. Svetlana Prokopyeva,news,2020-07-06,Statement on the Conviction of Svetlana Prokopyeva in Russia,https://cfj.org/news/statement-on-the-conviction-of-svetlana-prokopyeva-in-russia/,,convicted,"Today, Prokopyeva was convicted of public justification of terrorism under Article 205.2(2) of the Russian Criminal Code and fined 500,000 rubles."
https://cfj.org/reports/russian-federation-vs-svetlana-prokopyeva/,Russian Federation vs. Svetlana Prokopyeva,news,2020-07-06,Statement on the Conviction of Svetlana Prokopyeva in Russia,https://cfj.org/news/statement-on-the-conviction-of-svetlana-prokopyeva-in-russia/,acquitted; conviction overturned,sentenced,"Prokopyeva was not sentenced to imprisonment, CFJ calls for her conviction to be quashed or for the appeal court to reverse her conviction and order her acquittal."
https://cfj.org/reports/russian-federation-vs-svetlana-prokopyeva/,Russian Federation vs. Svetlana Prokopyeva,news,2021-02-01,Journalist Svetlana Prokopyeva's Conviction Should be Overturned on Appeal,https://cfj.org/news/journalist-svetlana-prokpyevas-conviction-should-be-overturned-on-appeal/,conviction overturned,,"Journalist Svetlana Prokopyeva’s Conviction Should be Overturned on Appeal 1st February 2021 © Photo by REUTERS/Anton Vaganov On the eve of her appeal, a TrialWatch Fairness Report concludes that serious violations marred the trial of Russian journalist Svetlana Prokopyeva."
https://cfj.org/reports/russian-federation-vs-svetlana-prokopyeva/,Russian Federation vs. Svetlana Prokopyeva,news,2021-02-01,Journalist Svetlana Prokopyeva's Conviction Should be Overturned on Appeal,https://cfj.org/news/journalist-svetlana-prokpyevas-conviction-should-be-overturned-on-appeal/,,convicted,Prokopyeva was convicted by a military court of “justification of terrorism” based on comments she made on a radio show and in an article that explored the potential reasons behind a terrorist attack committed by a teenager.
https://cfj.org/reports/socialist-republic-of-vietnam-v-pham-thi-doan-trang/,Socialist Republic of Vietnam v. Pham Thi Doan Trang,report,,Socialist Republic of Vietnam v. Pham Thi Doan Trang,https://cfj.org/reports/socialist-republic-of-vietnam-v-pham-thi-doan-trang/,,convicted; sentenced,Trang was convicted and sentenced to nine years in prison—more than the seven to eight years recommended by the prosecuting authorities.
https://cfj.org/reports/socialist-republic-of-vietnam-v-pham-thi-doan-trang/,Socialist Republic of Vietnam v. Pham Thi Doan Trang,report,,Socialist Republic of Vietnam v. Pham Thi Doan Trang,https://cfj.org/reports/socialist-republic-of-vietnam-v-pham-thi-doan-trang/,,convicted,"On December 14, 2021, at the conclusion of the rescheduled trial, which lasted a single day, a court in Hanoi convicted Pham Thi Doan Trang of “spreading information against the Socialist Republic of Vietnam” under Article 88 of the 1999 Penal Code and sentenced her to nine years in prison."
https://cfj.org/reports/socialist-republic-of-vietnam-v-pham-thi-doan-trang/,Socialist Republic of Vietnam v. Pham Thi Doan Trang,report,,Socialist Republic of Vietnam v. Pham Thi Doan Trang,https://cfj.org/reports/socialist-republic-of-vietnam-v-pham-thi-doan-trang/,,convicted,"Trang was previously convicted of a crime, as the judgment says that she has no criminal record) and that it was providing over 11,000 pages of evidence to support the indictment.82 The defense team was allowed to see and photocopy the evidence but only 10 days before the original trial date."
https://cfj.org/reports/socialist-republic-of-vietnam-v-pham-thi-doan-trang/,Socialist Republic of Vietnam v. Pham Thi Doan Trang,report,,Socialist Republic of Vietnam v. Pham Thi Doan Trang,https://cfj.org/reports/socialist-republic-of-vietnam-v-pham-thi-doan-trang/,,convicted,"Trang was ever convicted of this offense. 82 Indictment at 13. 83 Radio Free Asia, “Người chuyển sách của tác giả Phạm Đoan Trang bị án tù,” Jan. 21, 2022, https://www.rfa.org/vietnamese/news/vietnamnews/shipper-of-books-by-independent-journalist-pham-doan- trang-gets-jail-sentence-01212022071322.html 18 C."
https://cfj.org/reports/socialist-republic-of-vietnam-v-pham-thi-doan-trang/,Socialist Republic of Vietnam v. Pham Thi Doan Trang,news,2022-04-11,"Award-Winning Vietnamese Journalist's Trial Was Designed to Silence Her, TrialWatch Report Finds",https://cfj.org/news/award-winning-vietnamese-journalists-trial-was-designed-to-silence-her-trialwatch-report-finds/,,convicted,"Trang was arrested just a few hours after the 2020 US-Vietnam Human Rights Dialogue concluded, held incommunicado for over a year, then convicted following a one-day trial."
https://cfj.org/reports/thailand-v-does-1-5-of-the-organization-for-thai-federation/,Thailand v. Does 1-5 of the Organization for Thai Federation,report,,Thailand v. Does 1-5 of the Organization for Thai Federation,https://cfj.org/reports/thailand-v-does-1-5-of-the-organization-for-thai-federation/,,convicted,The Court found the defendants guilty of membership in a secret society because it “believes that the Defendants knew about such organization and contributed in the operation of such organization to continue by various acts as testified”140 referring to selling T-shirts and distributing flyers.
https://cfj.org/reports/trial-monitoring-of-people-v-cansu-piskin/,Trial Monitoring of People v. Cansu Pişkin,report,,Trial Monitoring of People v. Cansu Pişkin,https://cfj.org/reports/trial-monitoring-of-people-v-cansu-piskin/,,convicted,"This shook the trust for law.33 The Court asked Cansu Pişkin for her final words before the verdict was pronounced in court; she said, “Journalism is not a crime.” The Court then found Pişkin guilty of the terrorism charge (“making a public servant into a target for terrorist organizations”) and sentenced her to ten months’ imprisonment."
https://cfj.org/reports/trial-monitoring-of-proceedings-against-ahmed-manseri/,Trial Monitoring of Proceedings against Ahmed Manseri,report,,Trial Monitoring of Proceedings against Ahmed Manseri,https://cfj.org/reports/trial-monitoring-of-proceedings-against-ahmed-manseri/,acquitted,,"Manseri was ultimately acquitted, the judicial harassment he experienced through the proceedings and the threat of further such action led him to temporarily flee the country, a significant harm."
https://cfj.org/reports/trial-monitoring-of-proceedings-against-ahmed-manseri/,Trial Monitoring of Proceedings against Ahmed Manseri,report,,Trial Monitoring of Proceedings against Ahmed Manseri,https://cfj.org/reports/trial-monitoring-of-proceedings-against-ahmed-manseri/,acquitted,,"Manseri was ultimately acquitted of criminal defamation, Center staff who are members of the TrialWatch Expert Panel and were responsible for evaluating the fairness of the trial noted several fair trial violations."
https://cfj.org/reports/trial-monitoring-of-proceedings-against-ahmed-manseri/,Trial Monitoring of Proceedings against Ahmed Manseri,report,,Trial Monitoring of Proceedings against Ahmed Manseri,https://cfj.org/reports/trial-monitoring-of-proceedings-against-ahmed-manseri/,acquitted,,Manseri in for questioning soon after the acquittal indicates a persistent threat of harassment.
https://cfj.org/reports/trial-monitoring-of-proceedings-against-ahmed-manseri/,Trial Monitoring of Proceedings against Ahmed Manseri,report,,Trial Monitoring of Proceedings against Ahmed Manseri,https://cfj.org/reports/trial-monitoring-of-proceedings-against-ahmed-manseri/,acquitted,,Manseri to cross-examine the expert.16 The police chief was acquitted.
https://cfj.org/reports/trial-monitoring-of-proceedings-against-ahmed-manseri/,Trial Monitoring of Proceedings against Ahmed Manseri,news,2019-05-31,Update: TrialWatch® Monitoring in Algeria,https://cfj.org/news/update-trialwatch-monitoring-in-algeria/,acquitted,,"While Manseri was acquitted, our partners at the American Bar Association Center for Human Rights documented numerous violations of international fair trial standards during the proceedings."
https://cfj.org/reports/trial-monitoring-of-proceedings-against-ahmed-manseri/,Trial Monitoring of Proceedings against Ahmed Manseri,news,2019-05-31,Update: TrialWatch® Monitoring in Algeria,https://cfj.org/news/update-trialwatch-monitoring-in-algeria/,released,,"Update as of July 24, 2019: Full TrialWatch Fairness Report on Ahmed Manseri’s case was released."
https://cfj.org/reports/tunisia-vs-emna-chargui/,Tunisia vs. Emna Chargui,report,,Tunisia vs. Emna Chargui,https://cfj.org/reports/tunisia-vs-emna-chargui/,pardoned,,"See also Amnesty International, “Tunisia: End prosecution of Emna Chargui, and investigate alarming death and rape threats”, May 27, 2020; Archyde, “The ‘Suron of the Coronavirus’ creates controversy in Tunisia”, May 8, 2020."
https://cfj.org/reports/tunisia-vs-emna-chargui/,Tunisia vs. Emna Chargui,report,,Tunisia vs. Emna Chargui,https://cfj.org/reports/tunisia-vs-emna-chargui/,acquitted,,"Chargui was represented at trial by a defense team consisting of approximately ten lawyers, who argued that an acquittal was warranted because, among 45 See Human Rights Watch, “Humor Comes at a Price in Morocco and Tunisia”, May 13, 2020."
https://cfj.org/reports/tunisia-vs-emna-chargui/,Tunisia vs. Emna Chargui,report,,Tunisia vs. Emna Chargui,https://cfj.org/reports/tunisia-vs-emna-chargui/,,convicted,Chargui guilty of the charged crimes.
https://cfj.org/reports/tunisia-vs-emna-chargui/,Tunisia vs. Emna Chargui,report,,Tunisia vs. Emna Chargui,https://cfj.org/reports/tunisia-vs-emna-chargui/,,convicted,Chargui was prosecuted and convicted under Articles 52 and 53 of Decree 115 of 2011 – which are incompatible with the legality principle on their face – for conduct that did not constitute a criminal offense under those provisions at the time it was committed (or otherwise).
https://cfj.org/reports/tunisia-vs-emna-chargui/,Tunisia vs. Emna Chargui,news,2021-06-25,TrialWatch Reports Show Need for Constitutional Court in Tunisia,https://cfj.org/news/trialwatch-report-show-need-for-constitutional-court-in-tunisia/,,convicted; sentenced,Emna Chargui was convicted and sentenced to six months in prison and a fine for re-sharing a satirical poem about COVID-19 on Facebook.
https://cfj.org/reports/turkey-v-veysel-ok/,Turkey v. Veysel Ok,report,,Turkey v. Veysel Ok,https://cfj.org/reports/turkey-v-veysel-ok/,,sentenced,"See also Bianet, “Lawyer Veysel Ok and Journalist Cihan Acar Sentenced to 5 Months in Prison”, September 12, 2019."
https://cfj.org/reports/turkey-vs-ahmet-tuna-altinel/,Turkey vs. Ahmet Tuna Altınel,report,,Turkey vs. Ahmet Tuna Altınel,https://cfj.org/reports/turkey-vs-ahmet-tuna-altinel/,acquitted,,"Altınel was eventually acquitted by the court, preventing further violation of Mr."
https://cfj.org/reports/turkey-vs-ahmet-tuna-altinel/,Turkey vs. Ahmet Tuna Altınel,report,,Turkey vs. Ahmet Tuna Altınel,https://cfj.org/reports/turkey-vs-ahmet-tuna-altinel/,acquitted,,"ALTINEL Ahmet Tuna Altınel was among the numerous academics charged with terrorist propaganda in connection with the ‘Academics for Peace’ cases, a charge of which he was acquitted on September 16, 2019 further to a trial that is not directly linked to the focus of this report.32 The charges in this case relate to Mr."
https://cfj.org/reports/turkey-vs-ahmet-tuna-altinel/,Turkey vs. Ahmet Tuna Altınel,report,,Turkey vs. Ahmet Tuna Altınel,https://cfj.org/reports/turkey-vs-ahmet-tuna-altinel/,released,,"Altınel when he was released from detention on July 30, the authorities had declined to return his passport due to the pendency of the proceedings.67 The Court asserted that the question of Mr."
https://cfj.org/reports/turkey-vs-ahmet-tuna-altinel/,Turkey vs. Ahmet Tuna Altınel,news,2020-08-17,Statement on the TrialWatch Fairness Report on the Trial of Ahmet Tuna Altinel in Turkey,https://cfj.org/news/statement-on-the-trialwatch-fairness-report-on-the-trial-of-ahmet-tuna-altinel-in-turkey/,acquitted,,"Altınel was also among the ‘Academics for Peace’ who had previously been prosecuted, although ultimately acquitted, for signing a petition calling for peace and condemning Turkish government actions."
https://cfj.org/reports/uganda-v-stella-nyanzi/,Uganda v. Stella Nyanzi,report,,Uganda v. Stella Nyanzi,https://cfj.org/reports/uganda-v-stella-nyanzi/,,sentenced,Nyanzi was prosecuted and sentenced to prison for exercising her right to freedom of expression.
https://cfj.org/reports/uganda-v-stella-nyanzi/,Uganda v. Stella Nyanzi,report,,Uganda v. Stella Nyanzi,https://cfj.org/reports/uganda-v-stella-nyanzi/,acquitted,,Nyanzi of cyber harassment and acquitted her of offensive communication.
https://cfj.org/reports/uganda-v-stella-nyanzi/,Uganda v. Stella Nyanzi,report,,Uganda v. Stella Nyanzi,https://cfj.org/reports/uganda-v-stella-nyanzi/,,sentenced,"The following day, she was sentenced to 18 months in prison, reduced by nine months due to her time in pretrial detention. 21 Stella Nyanzi Indictment, November 6, 2018. 22 The Independent, “Stella Nyanzi: Ugandan Academic Jailed for ‘Creative Flair’ in Lewd Poem Criticizing President”, August 3, 2019."
https://cfj.org/reports/uganda-v-stella-nyanzi/,Uganda v. Stella Nyanzi,report,,Uganda v. Stella Nyanzi,https://cfj.org/reports/uganda-v-stella-nyanzi/,,convicted; sentenced,Nyanzi was convicted of cyber harassment and sentenced to 18 months in prison.
https://cfj.org/reports/uganda-v-stella-nyanzi/,Uganda v. Stella Nyanzi,news,2020-02-04,Clooney Foundation for Justice: Vacate Stella Nyanzi's Conviction,https://cfj.org/news/clooney-foundation-for-justice-vacate-stella-nyanzis-conviction/,,convicted; sentenced,Nyanzi was convicted and sentenced to 18 months in prison.
https://cfj.org/reports/uganda-v-stella-nyanzi/,Uganda v. Stella Nyanzi,news,2020-02-04,Clooney Foundation for Justice: Vacate Stella Nyanzi's Conviction,https://cfj.org/news/clooney-foundation-for-justice-vacate-stella-nyanzis-conviction/,,sentenced,"Nyanzi “was prosecuted and sentenced to prison for exercising her right to freedom of expression” and (2) by curtailing her ability to call witnesses, the court violated her right to present a defense."
https://cfj.org/reports/venezuela-v-vannesa-rosales/,Venezuela v. Vannesa Rosales,report,,Venezuela v. Vannesa Rosales,https://cfj.org/reports/venezuela-v-vannesa-rosales/,,convicted,"Rosales spent three months in pretrial detention and seven months under house arrest, and had to plead guilty to an offense she should never have been charged with in the first place, giving this case a “D” under the grading methodology found in the Annex."
https://cfj.org/reports/venezuela-v-vannesa-rosales/,Venezuela v. Vannesa Rosales,report,,Venezuela v. Vannesa Rosales,https://cfj.org/reports/venezuela-v-vannesa-rosales/,,convicted,Rosales in exchange for her pleading guilty to one criminal charge 2 with a penalty enhancement.
https://cfj.org/reports/venezuela-v-vannesa-rosales/,Venezuela v. Vannesa Rosales,report,,Venezuela v. Vannesa Rosales,https://cfj.org/reports/venezuela-v-vannesa-rosales/,released,sentenced,"Rosales was released from house arrest and sentenced to community service. 86 80 OHCHR, Communication on Rosales Case, U.N."
https://cfj.org/reports/venezuela-v-vannesa-rosales/,Venezuela v. Vannesa Rosales,news,2022-12-08,Teacher Prosecuted in Venezuela for Providing Abortion Pills to Child Rape Survivor,https://cfj.org/news/teacher-prosecuted-in-venezuela-for-providing-abortion-pills-to-child-rape-survivor/,,convicted,"In 2021, facing the risk of a significant prison sentence, Rosales pled guilty to one of the charges in exchange for community service."
https://cfj.org/reports/russian-federation-vs-alexander-pichugin/,Russian Federation vs. Alexander Pichugin,report,,Russian Federation vs. Alexander Pichugin,https://cfj.org/reports/russian-federation-vs-alexander-pichugin/,,convicted,"Pichugin guilty and sentenced him to a fine of 300,000 rubles."
https://cfj.org/reports/russian-federation-vs-alexander-pichugin/,Russian Federation vs. Alexander Pichugin,report,,Russian Federation vs. Alexander Pichugin,https://cfj.org/reports/russian-federation-vs-alexander-pichugin/,,convicted,Pichugin was convicted on the basis of the known facts presented in this report.
https://cfj.org/reports/russian-federation-vs-alexander-pichugin/,Russian Federation vs. Alexander Pichugin,news,2022-04-28,"Russian Court Violated Journalist's Rights During 'Fake News' Trial, Says TrialWatch Report",https://cfj.org/news/russian-court-violated-journalists-rights-during-fake-news-trial-says-trialwatch-report/,,convicted,Pichugin was convicted on the basis of the known facts” and that the law was “intended and being used to suppress freedom of expression.
https://cfj.org/reports/russian-federation-vs-alexander-pichugin/,Russian Federation vs. Alexander Pichugin,news,2022-04-28,"Russian Court Violated Journalist's Rights During 'Fake News' Trial, Says TrialWatch Report",https://cfj.org/news/russian-court-violated-journalists-rights-during-fake-news-trial-says-trialwatch-report/,,convicted,"Pichugin was charged with violating Article 207.1 of the Russian Criminal Code for “intend[ing] to publicly disseminate under the guise of veracious messages knowingly false information about circumstances that pose a threat to the life and safety of citizens, namely, about the circumstances of the epidemic.” On November 11, 2020, the court convicted Mr."
https://cfj.org/reports/russia-v-nariman-dzhelyal/,Russia v. Nariman Dzhelyal,report,,Russia v. Nariman Dzhelyal,https://cfj.org/reports/russia-v-nariman-dzhelyal/,,convicted; sentenced,"Dzhelyal was convicted (along with his co-defendants) and sentenced to seventeen years in prison and a 700,000 ruble fine."
https://cfj.org/reports/russia-v-nariman-dzhelyal/,Russia v. Nariman Dzhelyal,report,,Russia v. Nariman Dzhelyal,https://cfj.org/reports/russia-v-nariman-dzhelyal/,,convicted,"Because Russia could not lawfully apply its own law in Crimea, Dzhelyal and his co-defendants were convicted of conduct that may or may not have been a crime under applicable national law, and thus Russia also violated the right to be free from punishment without law."
https://cfj.org/reports/russia-v-nariman-dzhelyal/,Russia v. Nariman Dzhelyal,report,,Russia v. Nariman Dzhelyal,https://cfj.org/reports/russia-v-nariman-dzhelyal/,,convicted,Dzhelyal was accused and convicted of acts made crimes under Russian law (viz. participation in an organized criminal group that acquired and used explosives to destroy a gas pipeline).
https://cfj.org/reports/russia-v-nariman-dzhelyal/,Russia v. Nariman Dzhelyal,report,,Russia v. Nariman Dzhelyal,https://cfj.org/reports/russia-v-nariman-dzhelyal/,,convicted,"Akhtemov abounds with so many procedural violations committed during the preliminary investigation, which should have been a reason to terminate criminal prosecution against them long ago.” On September 21, 2022, the Supreme Court of Crimea convicted Dzhelyal and co- defendants Asan and Aziz Akhtemov."
https://cfj.org/reports/fairness-report-kazakhstan-v-duman-mukhammedkarim/,Fairness Report: Kazakhstan v. Duman Mukhammedkarim,report,,Fairness Report: Kazakhstan v. Duman Mukhammedkarim,https://cfj.org/reports/fairness-report-kazakhstan-v-duman-mukhammedkarim/,,convicted; sentenced,"Mukhammedkarim was prosecuted, convicted, and sentenced to six years’ imprisonment for financing extremist activities in violation of Article 258 of the Kazakh Criminal Code, and to one additional year of imprisonment for participating in the activities of a banned extremist organization in violation of Article 405 of the Criminal Code."
https://cfj.org/reports/fairness-report-kazakhstan-v-duman-mukhammedkarim/,Fairness Report: Kazakhstan v. Duman Mukhammedkarim,report,,Fairness Report: Kazakhstan v. Duman Mukhammedkarim,https://cfj.org/reports/fairness-report-kazakhstan-v-duman-mukhammedkarim/,,convicted,"Mukhammedkarim as “сотталған,” which translates to “convicted.” This prompted a strong reaction from the defense as an expression of bias, but a motion to disqualify the judge was also reportedly denied after only brief deliberation by another judge."
https://cfj.org/reports/fairness-report-kazakhstan-v-duman-mukhammedkarim/,Fairness Report: Kazakhstan v. Duman Mukhammedkarim,report,,Fairness Report: Kazakhstan v. Duman Mukhammedkarim,https://cfj.org/reports/fairness-report-kazakhstan-v-duman-mukhammedkarim/,,convicted,Mukhammedkarim by the Kazakh term for “convicted.” Such behavior would be indicative of how the judge viewed Mr.
https://cfj.org/reports/fairness-report-kazakhstan-v-duman-mukhammedkarim/,Fairness Report: Kazakhstan v. Duman Mukhammedkarim,report,,Fairness Report: Kazakhstan v. Duman Mukhammedkarim,https://cfj.org/reports/fairness-report-kazakhstan-v-duman-mukhammedkarim/,,convicted,Mukhammedkarim was prosecuted and convicted raise serious concerns in both of these respects.
https://cfj.org/reports/fairness-report-marat-zhylanbaev/,Fairness Report: Marat Zhylanbaev,report,,Fairness Report: Marat Zhylanbaev,https://cfj.org/reports/fairness-report-marat-zhylanbaev/,,convicted,Zhylanbaev guilty of intentionally providing financial support to an alleged extremist organization even though the prosecution conceded it did not have the evidence to support that charge.
https://cfj.org/reports/fairness-report-marat-zhylanbaev/,Fairness Report: Marat Zhylanbaev,report,,Fairness Report: Marat Zhylanbaev,https://cfj.org/reports/fairness-report-marat-zhylanbaev/,,convicted,"Zhylanbaev was prosecuted and convicted for engaging in a political debate with and criticizing the Kazakh authorities by peacefully exercising his rights guaranteed by the International Covenant on Civil and Political Rights, to which Kazakhstan is a party."
https://cfj.org/reports/fairness-report-marat-zhylanbaev/,Fairness Report: Marat Zhylanbaev,report,,Fairness Report: Marat Zhylanbaev,https://cfj.org/reports/fairness-report-marat-zhylanbaev/,,convicted,"Zhylanbaev was convicted and sentenced in a trial marred by severe irregularities that violated his fair trial rights under the ICCPR, including: the entire proceedings were closed to the public; the court barred the defense from questioning key prosecution witnesses; and the court did not respect Mr."
https://cfj.org/reports/fairness-report-marat-zhylanbaev/,Fairness Report: Marat Zhylanbaev,report,,Fairness Report: Marat Zhylanbaev,https://cfj.org/reports/fairness-report-marat-zhylanbaev/,,sentenced,"Zhylanbaev was arrested for his alleged participation in the March 17, 2023, protest, and sentenced to twenty days’ imprisonment on administrative charges."
https://cfj.org/reports/fairness-report-marat-zhylanbaev/,Fairness Report: Marat Zhylanbaev,news,2024-06-10,TrialWatch and Covington Challenge Kazakh Opposition Figure’s Conviction in Petition to UN,https://cfj.org/news/trialwatch-and-covington-challenge-kazakh-opposition-figures-conviction-in-petition-to-un/,,convicted,"Zhylanbaev was convicted not for direct support for one of the banned entities, but for seeking to lead his own (not banned) party, based on an unforeseeable expansion of the law to support for allegedly similar entities."
https://cfj.org/reports/fairness-report-kazakhstan-v-nazym-tabyldieva/,Fairness Report: Kazakhstan v. Nazym Tabyldieva,report,,Fairness Report: Kazakhstan v. Nazym Tabyldieva,https://cfj.org/reports/fairness-report-kazakhstan-v-nazym-tabyldieva/,charges dropped,,"Tabyldieva based on the September 2022 video at issue in the earlier dismissed case, as well as the new November 2022, February 2023 and April 2023 posts, alleging violations of both the “falsity” law—Article 274—and the “insulting public officials” law—Article 378."
https://cfj.org/reports/fairness-report-kazakhstan-v-nazym-tabyldieva/,Fairness Report: Kazakhstan v. Nazym Tabyldieva,report,,Fairness Report: Kazakhstan v. Nazym Tabyldieva,https://cfj.org/reports/fairness-report-kazakhstan-v-nazym-tabyldieva/,,convicted,"Tabyldieva to plead guilty, allowed the alleged Article 378 “victims” to question her on matters unrelated to her posts about them, and seemingly attempted to intimidate the defense expert by accusing her of disloyalty to President Tokayev.12 7 R.T."
https://cfj.org/reports/fairness-report-kazakhstan-v-nazym-tabyldieva/,Fairness Report: Kazakhstan v. Nazym Tabyldieva,report,,Fairness Report: Kazakhstan v. Nazym Tabyldieva,https://cfj.org/reports/fairness-report-kazakhstan-v-nazym-tabyldieva/,,convicted,"Tabyldieva guilty as charged and sentenced her to 18 months of house arrest and a 5-year ban on social media activities.15 The court’s written judgment appears conclusory, indicating no meaningful engagement with the defense.16 The prosecution’s case depended on the assertion that Ms."
https://cfj.org/reports/fairness-report-kazakhstan-v-nazym-tabyldieva/,Fairness Report: Kazakhstan v. Nazym Tabyldieva,report,,Fairness Report: Kazakhstan v. Nazym Tabyldieva,https://cfj.org/reports/fairness-report-kazakhstan-v-nazym-tabyldieva/,,convicted; sentenced,"Tabyldieva, a five-year ban on civic and political activism.37 In another similar case, journalist and political opposition leader Zhanbolat Mamay was sentenced to a six-year ban on “social or political” activism and social media activity,38 after being convicted for participating in a peaceful protest, under the same provisions as Ms."
https://cfj.org/reports/cambodia-v-thach-setha/,Cambodia v. Thach Setha,report,,Cambodia v. Thach Setha,https://cfj.org/reports/cambodia-v-thach-setha/,,convicted,"Setha guilty in both proceedings: first, of forgery under Article 231 of the Cambodian Law of Negotiable Instruments and Payment Transactions; second, of incitement under Articles 244, 245, and 246 of the Criminal Code of the Kingdom of Cambodia."
https://cfj.org/reports/cambodia-v-thach-setha/,Cambodia v. Thach Setha,report,,Cambodia v. Thach Setha,https://cfj.org/reports/cambodia-v-thach-setha/,,sentenced,Setha was ultimately sentenced to prison for 18 months on the forgery charges and three years on the incitement charges and remains incarcerated as of the date of publication. 1 1009827984v27 A.
https://cfj.org/reports/cambodia-v-thach-setha/,Cambodia v. Thach Setha,report,,Cambodia v. Thach Setha,https://cfj.org/reports/cambodia-v-thach-setha/,pardoned,,"Setha and 118 other CNRP officials from engaging in political activities for five years.59 In April 2021, the government pardoned Mr."
https://cfj.org/reports/cambodia-v-thach-setha/,Cambodia v. Thach Setha,report,,Cambodia v. Thach Setha,https://cfj.org/reports/cambodia-v-thach-setha/,acquitted,,Setha of fraud in relation to the land deeds provided as collateral.67 The Court acquitted Mr.
