url,title,kind,pages,grade,grade_source,freedom_of_expression,hrc_decisions_cited,legality_vagueness,legitimate_aim,necessity_proportionality,overbreadth,pretrial_detention,fair_trial,pdf_url,verified_by
https://cfj.org/reports/15-post-election-trials-a-window-into-courts-in-belarus/,15 Post-Election Trials: A Window into Courts in Belarus,trial,99,D,GRADE D,True,56,10,5,7,0,16,41,https://cfj.org/wp-content/uploads/2023/07/belarus-admin-trials-trialwatch-report.pdf,
https://cfj.org/reports/abortion-in-brazil-substantive-and-procedural-flaws-in-the-criminalization-of-women/,Abortion in Brazil: Substantive and Procedural Flaws in the Criminalization of Women,thematic,41,,,True,6,1,0,0,0,1,11,https://cfj.org/wp-content/uploads/2023/07/ENG-USP-CLS-Abortion-Report.pdf,
https://cfj.org/reports/aborto-no-brasil-falhas-substantivas-e-processuais-na-criminalizacao-de-mulheres/,Aborto no Brasil: Falhas Substantivas e Processuais na Criminalização de Mulheres,thematic,43,,,True,6,0,0,0,0,0,0,https://cfj.org/wp-content/uploads/2023/07/POR-USP-CLS-Abortion-Report.pdf,
https://cfj.org/reports/bangladesh-v-shahidul-alam/,Bangladesh v. Shahidul Alam,trial,28,,,True,1,27,6,12,1,0,3,https://cfj.org/wp-content/uploads/2023/07/Shahidul-Alam-Fairness-Report_January-2023.pdf,
https://cfj.org/reports/belarus-v-katsiaryna-andreyeva-and-daria-chultsova/,Belarus v. Katsiaryna Andreyeva and Daria Chultsova,trial,72,D,assigned this trial a grade of D,True,23,15,4,13,1,12,19,https://cfj.org/wp-content/uploads/2023/07/belarus-journalists.pdf,
https://cfj.org/reports/belarus-v-viktor-dmitrievich-babariko/,Belarus v. Viktor Dmitrievich Babariko,trial,36,D,assigned this trial a grade of D,False,14,1,0,0,0,6,25,https://cfj.org/wp-content/uploads/2023/07/Babariko_Fairness-Report-26-October-2021.pdf,
https://cfj.org/reports/cambodia-v-kak-sovannchhay/,Cambodia v. Kak Sovannchhay,trial,46,D,GRADE: D,True,18,15,5,19,2,10,14,https://cfj.org/wp-content/uploads/2023/07/cambodia-sovannchhay-trialwatch-report.pdf,
https://cfj.org/reports/cambodia-v-kong-raiya/,Cambodia v. Kong Raiya,trial,29,D,GRADE: D,True,15,8,3,16,1,9,7,https://cfj.org/wp-content/uploads/2023/07/fair_trial_report_cambodia_kong_raiya.pdf,
https://cfj.org/reports/cambodia-v-ros-sokhet/,Cambodia v. Ros Sokhet,trial,27,D,GRADE: D,True,8,10,3,15,1,4,9,https://cfj.org/wp-content/uploads/2023/07/fair_trial_report_cambodia_ros_sokhet.pdf,
https://cfj.org/reports/cambodia-v-theary-seng/,Cambodia v. Theary Seng,trial,20,,,True,3,13,4,13,2,0,3,https://cfj.org/wp-content/uploads/2023/07/Theary-Seng_June-2021_Fairness-Report.pdf,
https://cfj.org/reports/cambodia-v-theary-seng-september-2022/,Cambodia v. Theary Seng (September 2022),trial,45,F,GRADE: F,True,7,19,3,20,4,2,15,https://cfj.org/wp-content/uploads/2023/07/Cambodia-v.-Theary-Seng-September-2022.pdf,
https://cfj.org/reports/cambodia-vs-uon-chhin-and-yeang-sothearin/,Cambodia vs. Uon Chhin and Yeang Sothearin,trial,31,D,GRADE: D,True,22,3,4,5,0,9,8,https://cfj.org/wp-content/uploads/2023/07/fairnessreport_cambodia_uc_ys.pdf,
https://cfj.org/reports/el-salvador-the-case-against-diana/,El Salvador: The Case Against Diana,trial,39,C,GRADE: C,True,10,6,2,9,0,21,2,https://cfj.org/wp-content/uploads/2023/07/el_salvador_case_against_diana.pdf,
https://cfj.org/reports/el-salvador-the-case-against-evelyn-hernandez/,El Salvador: The Case Against Evelyn Hernandez,trial,31,D,GRADE: D,False,5,0,0,4,0,12,14,https://cfj.org/wp-content/uploads/2023/07/el_salvador_case_against_evelyn_hernandez.pdf,
https://cfj.org/reports/final-report-the-case-of-paul-rusesabagina/,Final Report: The Case of Paul Rusesabagina,trial,48,D,GRADE D,True,7,0,0,0,0,1,25,https://cfj.org/wp-content/uploads/2023/07/Paul-Rusesabagina-_Fairness-Report-April-2022.pdf,
https://cfj.org/reports/government-of-thailand-chaiwat-limlikhitaksorn-v-wuth-boonlert-samak-donnapee/,Government of Thailand & Chaiwat Limlikhitaksorn v. Wuth Boonlert & Samak Donnapee,trial,25,C,GRADE: C,True,1,1,1,0,1,1,4,https://cfj.org/wp-content/uploads/2023/07/Fairness-Report-on-the-Trials-of-Wut-Boonlert-and-Samak-Donnapee-in-Thailand.pdf,
https://cfj.org/reports/hong-kong-special-administrative-region-v-9-pro-democracy-protesters/,Hong Kong Special Administrative Region v. 9 Pro-Democracy Protesters,trial,51,D,GRADE: D,False,4,1,7,20,0,2,5,https://cfj.org/wp-content/uploads/2023/07/Jimmy-Lai-et-al_July-2021_Fairness-Report.pdf,
https://cfj.org/reports/hong-kong-special-administrative-region-v-bao-choy-yuk-ling/,Hong Kong Special Administrative Region v. Bao Choy Yuk-ling,trial,35,C,GRADE: C,True,6,24,3,0,0,1,2,https://cfj.org/wp-content/uploads/2023/07/Bao-Choy_July-2021_Fairness-Report-1.pdf,
https://cfj.org/reports/hong-kong-special-administrative-region-v-tam-tak-chi/,Hong Kong Special Administrative Region v. Tam Tak-chi,trial,54,D,assigned this trial a grade of D,True,6,29,6,22,5,2,7,https://cfj.org/wp-content/uploads/2023/07/Tam-Tak-Chi-Fairness-Report-May-2022.pdf,
https://cfj.org/reports/hong-kong-special-administrative-region-v-tong-ying-kit/,Hong Kong Special Administrative Region v. Tong Ying-kit,trial,51,D,GRADE: D,True,5,35,2,4,5,1,9,https://cfj.org/wp-content/uploads/2023/07/Tong-Ying-kit-Fairness-Report-December-2021.pdf,
https://cfj.org/reports/indonesia-vs-suzethe-margaret/,Indonesia vs. Suzethe Margaret,trial,42,C,GRADE: C,True,4,11,4,10,1,1,9,https://cfj.org/wp-content/uploads/2023/07/Indonesia-vs.-Suzethe-Margaret-Fairness-Report.pdf,
https://cfj.org/reports/justice-beyond-borders/,Justice Beyond Borders,thematic,22,,,False,0,0,0,0,0,0,0,https://cfj.org/wp-content/uploads/2023/07/Justice-Beyond-Borders.pdf,
https://cfj.org/reports/kazakhstan-v-aigul-utepova/,Kazakhstan v. Aigul Utepova,trial,65,D,GRADE: D,True,23,28,7,20,6,9,11,https://cfj.org/wp-content/uploads/2023/07/EN-Aigul-Utepova-Fairness-Report-April-2022.pdf,
https://cfj.org/reports/kazakhstan-v-alnur-ilyashev/,Kazakhstan v. Alnur Ilyashev,trial,47,D,GRADE: D,True,21,7,4,16,2,19,22,https://cfj.org/wp-content/uploads/2023/07/fair-trial-report-kazakhstan-alnur-ilyashev.pdf,
https://cfj.org/reports/kazakhstan-v-askhat-zheksebaev-et-al/,Kazakhstan v. Askhat Zheksebaev et al.,trial,56,D,assigned this trial a grade of “D,True,21,30,7,10,7,11,8,https://cfj.org/wp-content/uploads/2023/07/EN-Zheksebaev-Fairness-Report_November-2022.pdf,
https://cfj.org/reports/kyrgyzstan-v-gulzhan-pasanova/,Kyrgyzstan v. Gulzhan Pasanova,trial,34,D,GRADE: D,False,23,0,0,4,0,8,11,https://cfj.org/wp-content/uploads/2023/07/kyrgyzstan_vs_gulzhan_pasanova.pdf,
https://cfj.org/reports/malaysia-v-malaysiakini-and-steven-gan/,Malaysia v. Malaysiakini and Steven Gan,trial,43,D,GRADE D,True,1,15,6,21,2,1,12,https://cfj.org/wp-content/uploads/2023/07/Malaysiakini-and-Steven-Gan_October-2021_Malaysia_Fairness-Report.pdf,
https://cfj.org/reports/mexico-v-kenia-hernandez/,Mexico v. Kenia Hernandez,trial,55,D,GRADE: D,True,20,4,2,6,0,34,10,https://cfj.org/wp-content/uploads/2023/07/kenia-hernandez-eng-report.pdf,
https://cfj.org/reports/monitoring-of-mass-trial-in-equatorial-guinea/,Monitoring of Mass Trial in Equatorial Guinea,trial,49,F,GRADE: F,False,23,3,0,0,0,4,16,https://cfj.org/wp-content/uploads/2023/07/equatorial-guinea-mass-trial.pdf,
https://cfj.org/reports/monitoring-of-the-trial-of-marina-zolotova/,Monitoring of the Trial of Marina Zolotova,trial,18,C,GRADE: C,False,4,0,1,1,0,2,5,https://cfj.org/wp-content/uploads/2023/07/fair-trial-report-belarus-marina-zolotova.pdf,
https://cfj.org/reports/morocco-v-hajar-raissouni-et-al/,Morocco v. Hajar Raissouni et al.,trial,29,D,GRADE: D,False,11,1,0,0,0,8,6,https://cfj.org/wp-content/uploads/2023/07/Fairness-Report-on-the-Trail-of-Morocco-v.-Hajar-Raissouni.pdf,
https://cfj.org/reports/morocco-v-omar-radi/,Morocco v. Omar Radi,trial,25,D,GRADE: D,True,6,0,0,8,0,4,13,https://cfj.org/wp-content/uploads/2023/07/Fairness-Report-on-the-Trial-of-Omar-Radi-in-Morocco.pdf,
https://cfj.org/reports/morocco-v-omar-radi-ii/,Morocco v. Omar Radi II,trial,46,D,assigned this trial a grade of “D,True,20,3,2,1,0,13,29,https://cfj.org/wp-content/uploads/2023/07/Omar-Radi-Fairness-Report-July-2022.pdf,
https://cfj.org/reports/nigeria-v-egbeda-57/,Nigeria v. Egbeda 57,trial,37,D,GRADE: D,False,8,4,2,3,1,5,10,https://cfj.org/wp-content/uploads/2023/07/fair_trial_report_nigeria_mass_trial.pdf,
https://cfj.org/reports/nigeria-v-eromosele-adene-and-nicholas-mbah/,Nigeria v. Eromosele Adene and Nicholas Mbah,trial,46,D,assigned these trials a grade of D,True,16,14,7,23,2,13,6,https://cfj.org/wp-content/uploads/2023/07/endsars-adene-mbah-report.pdf,
https://cfj.org/reports/poland-vs-elzbieta-podlesna-anna-prus-and-joanna-gzyra-iskandar/,"Poland vs. Elzbieta Podlesna, Anna Prus, and Joanna Gzyra-Iskandar",trial,35,D,assigned this trial a grade of D,True,3,16,11,18,0,1,1,https://cfj.org/wp-content/uploads/2023/07/trial-observation-report-poland-lgbt.pdf,
https://cfj.org/reports/russia-vs-aleksey-navalny/,Russia vs. Aleksey Navalny,trial,40,F,GRADE F,True,14,2,4,2,0,1,12,https://cfj.org/wp-content/uploads/2023/07/Eng-Navalny-Fairness-Report-Apr-7-2022-Final.pdf,
https://cfj.org/reports/russian-federation-v-mikhail-benyash/,Russian Federation v. Mikhail Benyash,trial,75,D,GRADE: D,True,17,3,2,8,0,39,27,https://cfj.org/wp-content/uploads/2023/07/FAIRNESS-REPORT-ON-THE-TRIAL-OF-MIKHAIL-BENYASH-IN-RUSSIA.pdf,
https://cfj.org/reports/russian-federation-v-server-mustafayev-and-others/,Russian Federation v. Server Mustafayev and Others,trial,34,,,False,6,6,0,3,1,10,22,https://cfj.org/wp-content/uploads/2023/07/Fairness-report-on-the-trial-of-Server-Mustafayev-and-his-seven-co-defendants-in-Russian-Federation.pdf,
https://cfj.org/reports/russian-federation-v-yulia-tsvetkova/,Russian Federation v. Yulia Tsvetkova,trial,15,,,False,1,0,0,0,0,0,3,https://cfj.org/wp-content/uploads/2023/07/Preliminary-report-on-the-trial-of-Yulia-Tsvetkova-in-Russian-Federation.pdf,
https://cfj.org/reports/russian-federation-vs-anastasia-shevchenko/,Russian Federation vs. Anastasia Shevchenko,trial,55,D,GRADE D,True,6,18,8,12,0,8,16,https://cfj.org/wp-content/uploads/2023/07/Fairness-report-on-the-trial-of-Anastasia-Shevchenko-in-Russian-Federation.pdf,
https://cfj.org/reports/russian-federation-vs-svetlana-prokopyeva/,Russian Federation vs. Svetlana Prokopyeva,trial,34,D,GRADE: D,True,13,9,1,0,2,1,17,https://cfj.org/wp-content/uploads/2023/07/Svetlana-Prokopyeva-February-2021.pdf,
https://cfj.org/reports/socialist-republic-of-vietnam-v-pham-thi-doan-trang/,Socialist Republic of Vietnam v. Pham Thi Doan Trang,trial,52,F,GRADE: F,True,14,36,2,17,6,16,24,https://cfj.org/wp-content/uploads/2023/07/ENG-Pham-Doan-Trang-Fairness-Report-April-2022.pdf,
https://cfj.org/reports/thailand-v-does-1-5-of-the-organization-for-thai-federation/,Thailand v. Does 1-5 of the Organization for Thai Federation,trial,35,D,GRADE: D,True,6,40,0,3,0,1,23,https://cfj.org/wp-content/uploads/2023/07/OTF-Fairness-Report-July-2020.pdf,
https://cfj.org/reports/the-case-of-paul-rusesabagina/,The Case of Paul Rusesabagina,trial,36,,,False,6,0,0,0,0,0,18,https://cfj.org/wp-content/uploads/2023/07/rwanda-paul-rusesabagina.pdf,
https://cfj.org/reports/the-trial-of-the-peacock-generation-troupe-myanmar/,The Trial of the Peacock Generation Troupe: Myanmar,trial,26,D,GRADE: D,True,9,9,4,19,2,8,20,https://cfj.org/wp-content/uploads/2023/07/Fairness-Report-on-the-Trial-of-the-Peacock-Troupe.pdf,
https://cfj.org/reports/trial-monitoring-of-guatemala-v-abelino-chub/,Trial Monitoring of Guatemala v. Abelino Chub,trial,23,F,GRADE: F,False,8,1,1,1,0,15,10,https://cfj.org/wp-content/uploads/2023/07/guatemala-fairness-report-abelino-chub.pdf,
https://cfj.org/reports/trial-monitoring-of-people-v-cansu-piskin/,Trial Monitoring of People v. Cansu Pişkin,trial,19,D,GRADE: D,True,0,4,0,0,0,1,9,https://cfj.org/wp-content/uploads/2023/07/Turkey-Piskin-Fairness-Report.pdf,
https://cfj.org/reports/trial-monitoring-of-people-v-miti-et-al/,Trial Monitoring of People v. Miti et al.,trial,18,C,GRADE: C,False,0,1,1,1,1,1,10,https://cfj.org/wp-content/uploads/2023/07/Zambia-People-v-Miti-final.pdf,
https://cfj.org/reports/trial-monitoring-of-proceedings-against-ahmed-manseri/,Trial Monitoring of Proceedings against Ahmed Manseri,trial,20,D,GRADE: D,True,5,2,1,0,0,1,14,https://cfj.org/wp-content/uploads/2023/07/fair-trial-report-algeria-ahmed-manseri.pdf,
https://cfj.org/reports/tunisia-vs-emna-chargui/,Tunisia vs. Emna Chargui,trial,36,D,GRADE D,True,10,42,3,10,2,1,21,https://cfj.org/wp-content/uploads/2023/07/Emna-Chargui_June-2021_Fairness-Report.pdf,
https://cfj.org/reports/tunisia-vs-myriam-bribri/,Tunisia vs. Myriam Bribri,trial,17,,,True,1,12,5,9,2,0,1,https://cfj.org/wp-content/uploads/2023/07/Myriam-Bribri_June-2021_Fairness-Report.pdf,
https://cfj.org/reports/turkey-v-veysel-ok/,Turkey v. Veysel Ok,trial,23,D,GRADE: D,True,8,2,5,3,0,2,9,https://cfj.org/wp-content/uploads/2023/07/01272020-Turkey-Veysel-Ok-Fairness-Report.pdf,
https://cfj.org/reports/turkey-vs-ahmet-tuna-altinel/,Turkey vs. Ahmet Tuna Altınel,trial,28,C,GRADE: C,True,3,2,16,2,0,10,13,https://cfj.org/wp-content/uploads/2023/07/Fairness-Report-on-the-Trial-of-Tuna-Altinel-in-Turkey.pdf,
https://cfj.org/reports/uganda-v-moses-bwayo/,Uganda v. Moses Bwayo,trial,26,C,GRADE: C,True,8,3,9,14,0,6,6,https://cfj.org/wp-content/uploads/2023/07/fair_trial_report_uganda_moses_bwayo.pdf,
https://cfj.org/reports/uganda-v-stella-nyanzi/,Uganda v. Stella Nyanzi,trial,28,D,GRADE: D,True,6,6,2,10,2,2,14,https://cfj.org/wp-content/uploads/2023/07/fairnessreport-uganda-stella-nyanzi.pdf,
https://cfj.org/reports/uganda-v-the-67/,Uganda v. The 67,trial,37,D,GRADE: D,False,10,10,0,2,1,6,9,https://cfj.org/wp-content/uploads/2023/07/fair_trial_report_uganda_the_67.pdf,
https://cfj.org/reports/venezuela-v-vannesa-rosales/,Venezuela v. Vannesa Rosales,trial,38,D,assigned this trial a grade of D,True,3,0,0,4,0,14,0,https://cfj.org/wp-content/uploads/2023/07/vannesa-rosales-report-english.pdf,
https://cfj.org/reports/russian-federation-vs-alexander-pichugin/,Russian Federation vs. Alexander Pichugin,trial,29,D,GRADE: D,True,7,11,1,4,2,1,15,https://cfj.org/wp-content/uploads/2023/06/ENG-Pichugin-Fairness-Report-April-2022.pdf,
https://cfj.org/reports/section-20-of-pakistans-prevention-of-electronic-crimes-act-urgent-reforms-needed/,Section 20 of Pakistan’s Prevention of Electronic Crimes Act: Urgent Reforms Needed,thematic,23,,,True,0,11,1,9,3,0,0,https://cfj.org/wp-content/uploads/2023/10/Pakistan_PECA-Report_September-2023.pdf,
https://cfj.org/reports/global-britain-global-justice-strengthening-accountability-for-international-crimes-in-england-and-wales/,"Global Britain, Global Justice: Strengthening Accountability for International Crimes in England and Wales",thematic,73,,,False,0,0,0,1,0,0,2,https://cfj.org/wp-content/uploads/2023/10/Global-Britain-Global-Justice-report.pdf,
https://cfj.org/reports/global-britain-global-justice-report-summary/,"Global Britain, Global Justice (Report Summary)",thematic,14,,,False,0,0,0,0,0,0,0,https://cfj.org/wp-content/uploads/2023/10/Global-Britain-Global-Justice-summary-report.pdf,
https://cfj.org/reports/improper-motives-behind-azerbaijani-opposition-figures-trial/,'Improper motives' Behind Azerbaijani Opposition Figure’s Trial,trial,49,D,GRADE: D,False,11,1,0,2,0,5,24,https://cfj.org/wp-content/uploads/2023/12/EN-Tofig-Yagublu-Fairness-Report_December-2023.pdf,
https://cfj.org/reports/the-crime-of-sedition-at-the-crossroads-of-reform-and-resurgence/,The Crime of Sedition: At the Crossroads of Reform and Resurgence,thematic,22,,,True,0,9,0,0,5,1,0,https://cfj.org/wp-content/uploads/2022/04/Sedition-Report-April-2022.pdf,
https://cfj.org/reports/guatemala-v-jose-ruben-zamora/,Guatemala v. José Rubén Zamora,trial,96,F,assigned the trial a grade of F,False,19,10,0,8,0,28,33,https://cfj.org/wp-content/uploads/2024/02/guatemala-v-zamora-report.pdf,
https://cfj.org/reports/bangladesh-v-muhammad-yunus/,Bangladesh v. Muhammad Yunus,trial,27,,,False,5,4,0,0,0,0,0,https://cfj.org/wp-content/uploads/2024/02/Bangladesh_Yunus-Preliminary-Report-March-2024-Final.pdf,
https://cfj.org/reports/kyrgyzstan-v-kamil-ruziev/,Kyrgyzstan v Kamil Ruziev,trial,59,C,assigned this trial a grade of “C,False,9,2,0,0,0,6,22,https://cfj.org/wp-content/uploads/2024/04/April-2024-Fairness-Report_Kyrgyzstan-v-Kamil-Ruziev.pdf,
https://cfj.org/reports/pakistan-v-mir-shakeel-ur-rehman/,Pakistan v. Mir Shakeel-ur-Rehman,trial,26,D,assigned this trial a grade of D,True,7,5,0,9,0,8,1,https://cfj.org/wp-content/uploads/2024/04/April-2024-Fairness-Report_Mir-Shakeel-ur-Rehman_Pakistan.pdf,
https://cfj.org/reports/russia-v-nariman-dzhelyal/,Russia v. Nariman Dzhelyal,trial,102,F,assigned this trial a grade of “F,True,10,1,1,0,0,21,19,https://cfj.org/wp-content/uploads/2024/05/Nariman-Dzhelyal-Fairness-Report-May-2024.pdf,
https://cfj.org/reports/pretrial-detention-in-egypt-through-the-eyes-of-defense-lawyers/,Pretrial Detention in Egypt: Through the Eyes of Defense Lawyers,thematic,43,,,False,8,7,0,1,0,122,8,https://cfj.org/wp-content/uploads/2024/07/Egypt-Pretrial-Detention-Report-July-11-2024-1.pdf,
https://cfj.org/reports/blasphemy-trials-in-pakistan-legal-process-as-punishment/,Blasphemy Trials in Pakistan: Legal Process as Punishment,thematic,72,,,True,7,4,2,5,0,9,5,https://cfj.org/wp-content/uploads/2024/09/Pakistan-Blasphemy-Report_September-2024.pdf,
https://cfj.org/reports/the-information-and-communication-technology-act-of-2006-bangladeshs-zombie-cyber-security-law/,Bangladesh’s ICT Act: New Report Calls to Dismiss Cases Under Repealed Cyber Laws,thematic,32,,,False,0,24,0,1,2,3,0,https://cfj.org/wp-content/uploads/2024/11/Bangladesh-ICT-Act-Report_November-2024-1.pdf,
https://cfj.org/reports/%e0%b8%81%e0%b8%b2%e0%b8%a3%e0%b9%81%e0%b8%81%e0%b9%89%e0%b8%9b%e0%b8%b1%e0%b8%8d%e0%b8%ab%e0%b8%b2-slapps-%e0%b8%81%e0%b8%b2%e0%b8%a3%e0%b8%a3%e0%b8%b0%e0%b8%9a%e0%b9%81%e0%b8%a5%e0%b8%b0-%e0%b9%81/,การแก้ปัญหา SLAPPs: การระบและ แก้ปัญหาช่องว่างของกรอบป้องกันการฟ้องคดีปิ ดปากของประเทศไทย,thematic,111,,,True,1,0,0,0,0,0,0,https://cfj.org/wp-content/uploads/2024/09/TH-Thailand-SLAPPs-Report-September-2024-Final.pdf,
https://cfj.org/reports/monitoring-prosecutions-under-the-prohibition-of-fgm-act-in-kenya/,Monitoring Prosecutions under the Prohibition of FGM ACT In Kenya,thematic,73,,,True,4,2,0,1,0,6,10,https://cfj.org/wp-content/uploads/2024/12/ABA-CHR-Kenya-FGM-Report.pdf,
https://cfj.org/reports/fairness-report-kazakhstan-v-duman-mukhammedkarim/,Fairness Report: Kazakhstan v. Duman Mukhammedkarim,trial,45,F,assigned this trial a grade of “F,True,9,33,3,4,19,11,14,https://cfj.org/wp-content/uploads/2025/01/Fairness-Report_Duman-Mukhammedkarim_Kazakhstan-January-2025-Final.pdf,
https://cfj.org/reports/kyrgyz-republic-v-temirov-live-journalists-et-al/,Kyrgyz Republic v. Temirov LIVE Journalists et al.,trial,6,,,False,0,0,0,0,0,0,0,https://cfj.org/wp-content/uploads/2025/02/Fairness-Report_Kyrgyzstan-Temirov-LIVE_February-2025-Executive-Summary-RU.pdf,
https://cfj.org/reports/fairness-report-marat-zhylanbaev/,Fairness Report: Marat Zhylanbaev,trial,62,F,assigned this trial a grade of “F,True,25,28,9,8,8,10,19,https://cfj.org/wp-content/uploads/2025/01/Fairness-Report_Kazakhstan-Marat-Zhylanvaev-January-2025.pdf,
https://cfj.org/reports/solving-slapps-identifying-and-addressing-gaps-in-thailands-anti-slapp-framework/,Solving SLAPPs: Identifying and addressing gaps in Thailand's anti-SLAPP framework,thematic,113,,,True,1,4,0,0,0,0,0,https://cfj.org/wp-content/uploads/2024/09/Thailand-SLAPPs-Report-Final_September-2024.pdf,
https://cfj.org/reports/the-crime-of-sedition-what-comes-next-for-an-archaic-law/,The Crime of Sedition: What Comes Next for an Archaic Law?,thematic,61,,,True,0,27,0,4,0,3,0,https://cfj.org/wp-content/uploads/2024/02/Sedition-Report-February-2024-Update.pdf,
https://cfj.org/reports/thailand-v-katanyu-muenkhamruang-pan/,"Thailand v. Katanyu Muenkhamruang ""Pan""",trial,39,D,assigned this trial a grade of “D,True,18,28,2,10,4,0,23,https://cfj.org/wp-content/uploads/2025/06/Fairness-Report_Thailand-Pan-Thalufah-June-2025-1.pdf,
https://cfj.org/reports/el-proceso-es-el-castigo-causas-penales-por-difamacion-contra-la-participacion-publica-de-periodistas-en-peru/,“El Proceso Es el Castigo”: Causas Penales por Difamación Contra la Participación Pública de Periodistas en Perú,thematic,85,,,False,5,1,0,0,0,0,0,https://cfj.org/wp-content/uploads/2025/08/Thematic-Report-Peru-SLAPPs-August-2025SP.pdf,
https://cfj.org/reports/gbv-survivors-incarcerated-malawi/,GBV Survivors Incarcerated in Malawi: New CFJ Report,thematic,104,,,True,17,1,0,6,0,86,46,https://cfj.org/wp-content/uploads/2025/06/The-Survivor-Behind-The-Accused-Report_Malawi_June-2025.pdf,
https://cfj.org/reports/the-process-is-the-punishment-criminal-defamation-slapps-against-journalists-in-peru/,“The Process Is the Punishment”: Criminal Defamation SLAPPs Against Journalists in Peru,thematic,80,,,True,5,8,1,9,0,0,0,https://cfj.org/wp-content/uploads/2025/08/Thematic-Report-Peru-SLAPPs-August-2025-EN.pdf,
https://cfj.org/reports/thailand-vs-dr-chutima-sidasathian/,Thailand vs. Dr. Chutima Sidasathian,trial,51,,,True,8,0,0,0,0,0,0,https://cfj.org/wp-content/uploads/2025/09/TH-Fairness-Report_Thailand_Chutima-Sidasathian-March-2025.pdf,
https://cfj.org/reports/fairness-report-kazakhstan-v-nazym-tabyldieva/,Fairness Report: Kazakhstan v. Nazym Tabyldieva,trial,59,F,assigned this trial a Grade of F,True,7,33,7,17,6,0,23,https://cfj.org/wp-content/uploads/2025/11/2025.11-Fairness-Report_Kazakhstan-v.-Nazym-Tabyldieva.pdf,
https://cfj.org/reports/press-freedom-in-bangladesh-lessons-from-the-digital-security-act/,Press Freedom in Bangladesh: Lessons from the Digital Security Act,thematic,109,,,True,8,28,1,4,7,21,0,https://cfj.org/wp-content/uploads/2025/11/2025-November-Bangladesh-CGS-DSA-Report.pdf,
https://cfj.org/reports/melindungi-kebebasan-berekspresi-di-ruang-siber-belajar-dari-uu-ite-dan-arah-ke-depan/,Melindungi Kebebasan Berekspresi di Ruang Siber: Belajar dari UU ITE dan Arah ke Depan,thematic,122,,,False,6,0,0,0,0,0,3,https://cfj.org/wp-content/uploads/2025/12/2025.10-ICJR-CFJ-Thematic-Report-Indonesia-EIT-Law-IND.pdf,
https://cfj.org/reports/protecting-online-speech-in-indonesia-lessons-from-the-eit-law-and-the-road-ahead/,Protecting Online Speech in Indonesia Lessons From The EIT Law and the Road Ahead,thematic,115,,,True,6,31,1,12,5,7,16,https://cfj.org/wp-content/uploads/2025/10/ENG-Protecting-Online-Speech-in-Indonesia-Lessons-From-The-EIT-Law-and-the-Road-Ahead.pdf.pdf,
https://cfj.org/reports/georgia-v-mzia-amaglobeli/,Georgia v. Mzia Amaglobeli,trial,86,D,assigned this trial a Grade of D,False,7,2,1,0,0,27,29,https://cfj.org/wp-content/uploads/2026/01/2025.01-Fairness-Report_Georgia-Mzia-Amaglobeli.pdf,
https://cfj.org/reports/cambodia-v-thach-setha/,Cambodia v. Thach Setha,trial,55,D,assigned these trials a grade of D,True,18,17,6,4,3,19,29,https://cfj.org/wp-content/uploads/2024/10/2024-October-Fairness-Report_Cambodia-Thach-Setha.pdf,
https://cfj.org/reports/fairness-report-ii-tofig-yagublu/,Fairness Report II: Tofig Yagublu,trial,47,D,assigned this trial a grade of D,False,4,0,1,1,0,28,16,https://cfj.org/wp-content/uploads/2026/04/2026.04-TrialWatch-Fairness-Report_Azerbaijan-Tofig-Yagublu.pdf,
https://cfj.org/reports/fairness-report-abzas-media/,CFJ Fairness Report: Abzas Media,trial,62,F,assigned this trial a grade of F,True,14,4,2,2,0,7,27,https://cfj.org/wp-content/uploads/2026/07/2026-July-Abzas-Media-Fairness-Report.pdf,
https://cfj.org/reports/trialwatch-spotlight-mazari-chattha/,CFJ A TrialWatch Spotlight: Five Issues from the Trial – Imaan Zainab Mazari-Hazir and Hadi Ali Chattha,thematic,19,,,False,4,0,0,0,0,0,4,https://cfj.org/wp-content/uploads/2026/09/TrialWatch_Spotlight_Mazari_Chattha.pdf,
https://cfj.org/reports/press-freedom-in-bangladesh-lessons-from-the-digital-security-act-bengali/,CFJ Press Freedom in Bangladesh: Lessons from the Digital Security Act - Bengali,thematic,94,,,True,8,1,0,2,0,3,0,https://cfj.org/wp-content/uploads/2026/09/Clooney-Report-Bangladesh.pdf,
